{"type":"FeatureCollection","features":[{"type":"Feature","id":"great-central","geometry":{"type":"MultiLineString","coordinates":[[[-6.77153,62.01019],[-6.7715,62.01022],[-6.77189,62.01088]],[[-6.77189,62.01088],[-6.77212,62.01121]],[[-6.77212,62.01121],[-6.77217,62.0113]],[[-6.77217,62.0113],[-6.7724,62.0117]],[[-6.77081,62.01196],[-6.7724,62.0117]],[[-6.77081,62.01196],[-6.77116,62.01231]],[[-6.77116,62.01231],[-6.77153,62.01267]],[[-6.77153,62.01267],[-6.77159,62.01272]],[[-6.77159,62.01272],[-6.77167,62.0128]],[[-6.77167,62.0128],[-6.77195,62.01308]],[[-6.77195,62.01308],[-6.77214,62.01323]],[[-6.77235,62.0134],[-6.77214,62.01323]],[[-6.77301,62.0141],[-6.77235,62.0134]],[[-6.77313,62.0142],[-6.7731,62.01413],[-6.77301,62.0141]],[[-6.7731,62.01423],[-6.77313,62.0142]],[[-6.77421,62.01521],[-6.7731,62.01423]],[[-6.77489,62.0159],[-6.77421,62.01521]],[[-6.77489,62.0159],[-6.77501,62.01602]],[[-6.77501,62.01602],[-6.77527,62.0163],[-6.77546,62.01661],[-6.77561,62.01706],[-6.77562,62.01744]],[[-6.77562,62.01744],[-6.77553,62.01788]],[[-6.77553,62.01788],[-6.77532,62.01841]],[[-6.77532,62.01841],[-6.77509,62.01896]],[[-6.77509,62.01896],[-6.77501,62.01955],[-6.77514,62.02001]],[[-6.77514,62.02001],[-6.77517,62.02008]],[[-6.77517,62.02008],[-6.77539,62.0204]],[[-6.77539,62.0204],[-6.77583,62.02085]],[[-6.77583,62.02085],[-6.77614,62.02112]],[[-6.77614,62.02112],[-6.77615,62.02118]],[[-6.77615,62.02118],[-6.77569,62.02144]],[[-6.77561,62.02146],[-6.77569,62.02144]],[[-6.77553,62.02148],[-6.77561,62.02146]],[[-6.77543,62.02151],[-6.77553,62.02148]],[[-6.77518,62.02159],[-6.77543,62.02151]],[[-6.7737,62.02179],[-6.77518,62.02159]],[[-6.77353,62.02181],[-6.7737,62.02179]],[[-6.77154,62.02197],[-6.77353,62.02181]],[[-6.76916,62.02232],[-6.77013,62.0221],[-6.77154,62.02197]],[[-6.76801,62.02263],[-6.76916,62.02232]],[[-6.76807,62.02309],[-6.76801,62.02263]],[[-6.76807,62.02309],[-6.76818,62.02327]],[[-6.76818,62.02327],[-6.76841,62.02366]],[[-6.76841,62.02366],[-6.76844,62.02371]],[[-6.76844,62.02371],[-6.76849,62.02381]],[[-6.76849,62.02381],[-6.76853,62.02388]],[[-6.76853,62.02388],[-6.76896,62.02472]],[[-6.76896,62.02472],[-6.76899,62.02478]],[[-6.76899,62.02478],[-6.76997,62.02611]],[[-6.76997,62.02611],[-6.7701,62.02639]],[[-6.7701,62.02639],[-6.77009,62.02665]],[[-6.77009,62.02665],[-6.76998,62.02689],[-6.76977,62.02715],[-6.76949,62.02739],[-6.76923,62.02755],[-6.76879,62.02774]],[[-6.76879,62.02774],[-6.76685,62.02833],[-6.76628,62.02868],[-6.76601,62.02879]],[[-6.76601,62.02879],[-6.76547,62.02898]],[[-6.76547,62.02898],[-6.76446,62.02947]],[[-6.76446,62.02947],[-6.76376,62.02985]],[[-6.76376,62.02985],[-6.76337,62.03006]],[[-6.76337,62.03006],[-6.76315,62.03017]],[[-6.76315,62.03017],[-6.76278,62.0304]],[[-6.76278,62.0304],[-6.76272,62.03045]],[[-6.76272,62.03045],[-6.76209,62.03109],[-6.76193,62.03133]],[[-6.76193,62.03133],[-6.76181,62.0316],[-6.76172,62.03199],[-6.76171,62.03225]],[[-6.76171,62.03225],[-6.76177,62.03256],[-6.76197,62.03299],[-6.76218,62.03328]],[[-6.76218,62.03328],[-6.76261,62.03371],[-6.76326,62.03424],[-6.7649,62.03543],[-6.76551,62.03595]],[[-6.76551,62.03595],[-6.76564,62.03618]],[[-6.76564,62.03618],[-6.76551,62.03632],[-6.7656,62.03641],[-6.7658,62.03646]],[[-6.7658,62.03646],[-6.76613,62.03674]],[[-6.76613,62.03674],[-6.76635,62.03712],[-6.76683,62.0386],[-6.76746,62.03948],[-6.76819,62.04014],[-6.76869,62.04045],[-6.77078,62.04157]],[[-6.77078,62.04157],[-6.77117,62.04175]],[[-6.77117,62.04175],[-6.77258,62.04249],[-6.77384,62.04302],[-6.77504,62.04344],[-6.77655,62.04372],[-6.77854,62.04386],[-6.77897,62.04402]],[[-6.77931,62.04413],[-6.77897,62.04402]],[[-6.77983,62.0442],[-6.77959,62.04413],[-6.77931,62.04413]],[[-6.77994,62.04432],[-6.77983,62.0442]],[[-6.77995,62.04436],[-6.77994,62.04432]],[[-6.78021,62.04448],[-6.77995,62.04436]],[[-6.78021,62.04448],[-6.78145,62.04474],[-6.78205,62.04494],[-6.78315,62.04545],[-6.78379,62.04593]],[[-6.78379,62.04593],[-6.78411,62.04621],[-6.78473,62.04687],[-6.78535,62.04738]],[[-6.78535,62.04738],[-6.78648,62.04805],[-6.78733,62.04844],[-6.79008,62.04941],[-6.79231,62.05003]],[[-6.79231,62.05003],[-6.79371,62.05034],[-6.79484,62.05049],[-6.79581,62.05055],[-6.79991,62.05045],[-6.80273,62.05058],[-6.80404,62.05058],[-6.8051,62.05051],[-6.80886,62.05],[-6.811,62.04978],[-6.8123,62.04958],[-6.81548,62.04896],[-6.81711,62.04876],[-6.82111,62.04851],[-6.8226,62.04838],[-6.82346,62.04824]],[[-6.82346,62.04824],[-6.83146,62.0468],[-6.83339,62.04658],[-6.83416,62.04653],[-6.83812,62.04662],[-6.84144,62.04654],[-6.84277,62.04659]],[[-6.85117,62.04911],[-6.85017,62.04885],[-6.84712,62.04782],[-6.84489,62.04719],[-6.84362,62.04674],[-6.84277,62.04659]],[[-6.86436,62.05202],[-6.86332,62.05145],[-6.86232,62.05106],[-6.86132,62.05075],[-6.85948,62.05034],[-6.8572,62.04995],[-6.85117,62.04911]],[[-6.86458,62.05213],[-6.86436,62.05202]],[[-6.90991,62.06183],[-6.90827,62.06133],[-6.90596,62.06047],[-6.90331,62.05967],[-6.89954,62.05836],[-6.89366,62.0569],[-6.89241,62.05668],[-6.89051,62.05647],[-6.88808,62.05641],[-6.88461,62.05642],[-6.88033,62.05634],[-6.87752,62.05612],[-6.87557,62.05583],[-6.87372,62.05547],[-6.87157,62.05484],[-6.86636,62.05295],[-6.86458,62.05213]],[[-6.90991,62.06183],[-6.91225,62.06256]],[[-6.91225,62.06256],[-6.91213,62.06272],[-6.91211,62.06286],[-6.91215,62.06296],[-6.91228,62.06307]],[[-6.91284,62.06332],[-6.91228,62.06307]],[[-6.91298,62.064],[-6.91309,62.0638],[-6.91311,62.06365],[-6.91305,62.06349],[-6.91284,62.06332]],[[-6.91298,62.064],[-6.91285,62.06415]],[[-6.91285,62.06415],[-6.91221,62.06477],[-6.91176,62.06513],[-6.91127,62.06538],[-6.9106,62.06557]],[[-6.9106,62.06557],[-6.91041,62.06561]],[[-6.91041,62.06561],[-6.91036,62.06562]],[[-6.91036,62.06562],[-6.90917,62.06568]],[[-6.90917,62.06568],[-6.90835,62.06558],[-6.90622,62.06509]],[[-6.90622,62.06509],[-6.90499,62.06479]],[[-6.90499,62.06479],[-6.90471,62.0647]],[[-6.90471,62.0647],[-6.90087,62.06335]],[[-6.90087,62.06335],[-6.8987,62.0625],[-6.89704,62.06202]],[[-6.89704,62.06202],[-6.89529,62.06164],[-6.89301,62.06129],[-6.89116,62.06108],[-6.8898,62.06101]],[[-6.8898,62.06101],[-6.88263,62.06092],[-6.88041,62.06099],[-6.87653,62.06122],[-6.87417,62.06111],[-6.87199,62.0608]],[[-6.87199,62.0608],[-6.87188,62.06078]],[[-6.87188,62.06078],[-6.86859,62.06017],[-6.86637,62.05983],[-6.8646,62.05946],[-6.85665,62.05743],[-6.85599,62.05731],[-6.85286,62.05703]],[[-6.85286,62.05703],[-6.8492,62.05663],[-6.84782,62.05664],[-6.84656,62.05677]],[[-6.84656,62.05677],[-6.84527,62.05691]],[[-6.84527,62.05691],[-6.84418,62.05692],[-6.84334,62.057],[-6.8416,62.05699],[-6.8404,62.05732],[-6.83829,62.05776],[-6.83757,62.05795],[-6.83542,62.05821]],[[-6.83542,62.05821],[-6.83471,62.05826]],[[-6.83471,62.05826],[-6.83431,62.05827]],[[-6.83431,62.05827],[-6.83398,62.05829]],[[-6.83398,62.05829],[-6.83323,62.05838]],[[-6.83323,62.05838],[-6.83257,62.0586],[-6.83125,62.05924]],[[-6.83125,62.05924],[-6.83119,62.05928]],[[-6.83119,62.05928],[-6.83054,62.0596]],[[-6.83054,62.0596],[-6.82962,62.06002]],[[-6.82962,62.06002],[-6.83012,62.06036],[-6.83042,62.06044]],[[-6.83042,62.06044],[-6.83183,62.06017],[-6.83205,62.06017],[-6.8323,62.06029]],[[-6.83042,62.06044],[-6.83183,62.06017],[-6.83205,62.06017],[-6.8323,62.06029]],[[-6.82962,62.06002],[-6.83012,62.06036],[-6.83042,62.06044]],[[-6.83054,62.0596],[-6.82962,62.06002]],[[-6.83119,62.05928],[-6.83054,62.0596]],[[-6.83125,62.05924],[-6.83119,62.05928]],[[-6.83323,62.05838],[-6.83257,62.0586],[-6.83125,62.05924]],[[-6.83398,62.05829],[-6.83323,62.05838]],[[-6.83431,62.05827],[-6.83398,62.05829]],[[-6.83471,62.05826],[-6.83431,62.05827]],[[-6.83542,62.05821],[-6.83471,62.05826]],[[-6.84527,62.05691],[-6.84418,62.05692],[-6.84334,62.057],[-6.8416,62.05699],[-6.8404,62.05732],[-6.83829,62.05776],[-6.83757,62.05795],[-6.83542,62.05821]],[[-6.84656,62.05677],[-6.84527,62.05691]],[[-6.85286,62.05703],[-6.8492,62.05663],[-6.84782,62.05664],[-6.84656,62.05677]],[[-6.87188,62.06078],[-6.86859,62.06017],[-6.86637,62.05983],[-6.8646,62.05946],[-6.85665,62.05743],[-6.85599,62.05731],[-6.85286,62.05703]],[[-6.87199,62.0608],[-6.87188,62.06078]],[[-6.8898,62.06101],[-6.88263,62.06092],[-6.88041,62.06099],[-6.87653,62.06122],[-6.87417,62.06111],[-6.87199,62.0608]],[[-6.89704,62.06202],[-6.89529,62.06164],[-6.89301,62.06129],[-6.89116,62.06108],[-6.8898,62.06101]],[[-6.90087,62.06335],[-6.8987,62.0625],[-6.89704,62.06202]],[[-6.90471,62.0647],[-6.90087,62.06335]],[[-6.90499,62.06479],[-6.90471,62.0647]],[[-6.90622,62.06509],[-6.90499,62.06479]],[[-6.90917,62.06568],[-6.90835,62.06558],[-6.90622,62.06509]],[[-6.91036,62.06562],[-6.90917,62.06568]],[[-6.91041,62.06561],[-6.91036,62.06562]],[[-6.9106,62.06557],[-6.91041,62.06561]],[[-6.91285,62.06415],[-6.91221,62.06477],[-6.91176,62.06513],[-6.91127,62.06538],[-6.9106,62.06557]],[[-6.91298,62.064],[-6.91285,62.06415]],[[-6.91298,62.064],[-6.91309,62.0638],[-6.91311,62.06365],[-6.91305,62.06349],[-6.91284,62.06332]],[[-6.91284,62.06332],[-6.91228,62.06307]],[[-6.91225,62.06256],[-6.91213,62.06272],[-6.91211,62.06286],[-6.91215,62.06296],[-6.91228,62.06307]],[[-6.90991,62.06183],[-6.91225,62.06256]],[[-6.90991,62.06183],[-6.90827,62.06133],[-6.90596,62.06047],[-6.90331,62.05967],[-6.89954,62.05836],[-6.89366,62.0569],[-6.89241,62.05668],[-6.89051,62.05647],[-6.88808,62.05641],[-6.88461,62.05642],[-6.88033,62.05634],[-6.87752,62.05612],[-6.87557,62.05583],[-6.87372,62.05547],[-6.87157,62.05484],[-6.86636,62.05295],[-6.86458,62.05213]],[[-6.86458,62.05213],[-6.86436,62.05202]],[[-6.86436,62.05202],[-6.86332,62.05145],[-6.86232,62.05106],[-6.86132,62.05075],[-6.85948,62.05034],[-6.8572,62.04995],[-6.85117,62.04911]],[[-6.85117,62.04911],[-6.85017,62.04885],[-6.84712,62.04782],[-6.84489,62.04719],[-6.84362,62.04674],[-6.84277,62.04659]],[[-6.82346,62.04824],[-6.83146,62.0468],[-6.83339,62.04658],[-6.83416,62.04653],[-6.83812,62.04662],[-6.84144,62.04654],[-6.84277,62.04659]],[[-6.79231,62.05003],[-6.79371,62.05034],[-6.79484,62.05049],[-6.79581,62.05055],[-6.79991,62.05045],[-6.80273,62.05058],[-6.80404,62.05058],[-6.8051,62.05051],[-6.80886,62.05],[-6.811,62.04978],[-6.8123,62.04958],[-6.81548,62.04896],[-6.81711,62.04876],[-6.82111,62.04851],[-6.8226,62.04838],[-6.82346,62.04824]],[[-6.78535,62.04738],[-6.78648,62.04805],[-6.78733,62.04844],[-6.79008,62.04941],[-6.79231,62.05003]],[[-6.78379,62.04593],[-6.78411,62.04621],[-6.78473,62.04687],[-6.78535,62.04738]],[[-6.78021,62.04448],[-6.78145,62.04474],[-6.78205,62.04494],[-6.78315,62.04545],[-6.78379,62.04593]],[[-6.78021,62.04448],[-6.77995,62.04436]],[[-6.77995,62.04436],[-6.77994,62.04432]],[[-6.77994,62.04432],[-6.77983,62.0442]],[[-6.77983,62.0442],[-6.77959,62.04413],[-6.77931,62.04413]],[[-6.77931,62.04413],[-6.77897,62.04402]],[[-6.77117,62.04175],[-6.77258,62.04249],[-6.77384,62.04302],[-6.77504,62.04344],[-6.77655,62.04372],[-6.77854,62.04386],[-6.77897,62.04402]],[[-6.77078,62.04157],[-6.77117,62.04175]],[[-6.76613,62.03674],[-6.76635,62.03712],[-6.76683,62.0386],[-6.76746,62.03948],[-6.76819,62.04014],[-6.76869,62.04045],[-6.77078,62.04157]],[[-6.7658,62.03646],[-6.76613,62.03674]],[[-6.76564,62.03618],[-6.76551,62.03632],[-6.7656,62.03641],[-6.7658,62.03646]],[[-6.76551,62.03595],[-6.76564,62.03618]],[[-6.76218,62.03328],[-6.76261,62.03371],[-6.76326,62.03424],[-6.7649,62.03543],[-6.76551,62.03595]],[[-6.76171,62.03225],[-6.76177,62.03256],[-6.76197,62.03299],[-6.76218,62.03328]],[[-6.76193,62.03133],[-6.76181,62.0316],[-6.76172,62.03199],[-6.76171,62.03225]],[[-6.76272,62.03045],[-6.76209,62.03109],[-6.76193,62.03133]],[[-6.76278,62.0304],[-6.76272,62.03045]],[[-6.76315,62.03017],[-6.76278,62.0304]],[[-6.76337,62.03006],[-6.76315,62.03017]],[[-6.76376,62.02985],[-6.76337,62.03006]],[[-6.76446,62.02947],[-6.76376,62.02985]],[[-6.76547,62.02898],[-6.76446,62.02947]],[[-6.76601,62.02879],[-6.76547,62.02898]],[[-6.76879,62.02774],[-6.76685,62.02833],[-6.76628,62.02868],[-6.76601,62.02879]],[[-6.77009,62.02665],[-6.76998,62.02689],[-6.76977,62.02715],[-6.76949,62.02739],[-6.76923,62.02755],[-6.76879,62.02774]],[[-6.7701,62.02639],[-6.77009,62.02665]],[[-6.76997,62.02611],[-6.7701,62.02639]],[[-6.76899,62.02478],[-6.76997,62.02611]],[[-6.76896,62.02472],[-6.76899,62.02478]],[[-6.76853,62.02388],[-6.76896,62.02472]],[[-6.76849,62.02381],[-6.76853,62.02388]],[[-6.76844,62.02371],[-6.76849,62.02381]],[[-6.76841,62.02366],[-6.76844,62.02371]],[[-6.76818,62.02327],[-6.76841,62.02366]],[[-6.76807,62.02309],[-6.76818,62.02327]],[[-6.76807,62.02309],[-6.76801,62.02263]],[[-6.76801,62.02263],[-6.76916,62.02232]],[[-6.76916,62.02232],[-6.77013,62.0221],[-6.77154,62.02197]],[[-6.77154,62.02197],[-6.77353,62.02181]],[[-6.77353,62.02181],[-6.7737,62.02179]],[[-6.7737,62.02179],[-6.77518,62.02159]],[[-6.77518,62.02159],[-6.77543,62.02151]],[[-6.77543,62.02151],[-6.77553,62.02148]],[[-6.77553,62.02148],[-6.77561,62.02146]],[[-6.77561,62.02146],[-6.77569,62.02144]],[[-6.77569,62.02144],[-6.77634,62.02128]],[[-6.77634,62.02128],[-6.77666,62.02125]],[[-6.77666,62.02125],[-6.77674,62.02118]],[[-6.77674,62.02118],[-6.77751,62.02093]],[[-6.77769,62.02091],[-6.77751,62.02093]],[[-6.77782,62.0209],[-6.77769,62.02091]],[[-6.77905,62.02099],[-6.77782,62.0209]],[[-6.78034,62.02131],[-6.77905,62.02099]],[[-6.78095,62.02144],[-6.78034,62.02131]],[[-6.7816,62.0215],[-6.78095,62.02144]],[[-6.78192,62.02153],[-6.78174,62.02148],[-6.7816,62.0215]],[[-6.78273,62.02159],[-6.78192,62.02153]],[[-6.78273,62.02159],[-6.7843,62.02167]],[[-6.7843,62.02167],[-6.78569,62.02171]],[[-6.78569,62.02171],[-6.78643,62.02171],[-6.78734,62.02157]],[[-6.78734,62.02157],[-6.7882,62.02131],[-6.78896,62.02097]],[[-6.78896,62.02097],[-6.78948,62.02062]],[[-6.78948,62.02062],[-6.78967,62.0204],[-6.78979,62.02003]],[[-6.78979,62.02003],[-6.78973,62.01962],[-6.7893,62.01906]],[[-6.79061,62.01875],[-6.7893,62.01906]],[[-6.79061,62.01875],[-6.79016,62.01821]],[[-6.79016,62.01821],[-6.78995,62.01792],[-6.7897,62.01742],[-6.7897,62.01663],[-6.78982,62.01625],[-6.79005,62.01584],[-6.79034,62.01552],[-6.79062,62.01531]],[[-6.79062,62.01531],[-6.79121,62.01499],[-6.79148,62.0149],[-6.79292,62.01461]],[[-6.79292,62.01461],[-6.79436,62.01437]],[[-6.79436,62.01437],[-6.79537,62.0142]],[[-6.79537,62.0142],[-6.79808,62.01375],[-6.79873,62.01371],[-6.79939,62.01373]],[[-6.79939,62.01373],[-6.80169,62.01408]],[[-6.80169,62.01408],[-6.80323,62.01425],[-6.80676,62.01439],[-6.80881,62.01439],[-6.80964,62.01434]],[[-6.80964,62.01434],[-6.81383,62.01387]],[[-6.81383,62.01387],[-6.8149,62.0138],[-6.81627,62.0138],[-6.81761,62.01389],[-6.81845,62.01401]],[[-6.81845,62.01401],[-6.81956,62.01421],[-6.82081,62.01454],[-6.826,62.01639]],[[-6.826,62.01639],[-6.83094,62.01813],[-6.83199,62.01865]],[[-6.83199,62.01865],[-6.83225,62.01881],[-6.83275,62.01929]],[[-6.83275,62.01929],[-6.83287,62.01946]],[[-6.83287,62.01946],[-6.83363,62.02051],[-6.83375,62.02085]],[[-6.83375,62.02085],[-6.83437,62.02159]],[[-6.83437,62.02159],[-6.83441,62.02163]],[[-6.83441,62.02163],[-6.83448,62.02173]],[[-6.83448,62.02173],[-6.83502,62.02236],[-6.83554,62.02283],[-6.8361,62.0232],[-6.83689,62.02362]],[[-6.83689,62.02362],[-6.83752,62.02388]],[[-6.83752,62.02388],[-6.83765,62.02393]],[[-6.83765,62.02393],[-6.83904,62.02437]],[[-6.83904,62.02437],[-6.8392,62.0244]],[[-6.8392,62.0244],[-6.84002,62.02458]],[[-6.84002,62.02458],[-6.84018,62.02461]],[[-6.84018,62.02461],[-6.84497,62.02533],[-6.84669,62.02573]],[[-6.84669,62.02573],[-6.84785,62.02609],[-6.84866,62.02642],[-6.84926,62.0267],[-6.85051,62.02746],[-6.85121,62.02799],[-6.85151,62.0283],[-6.85257,62.02963],[-6.85305,62.03015],[-6.85367,62.03066]],[[-6.85367,62.03066],[-6.85435,62.03108]],[[-6.85435,62.03108],[-6.85513,62.0315],[-6.85705,62.03216]],[[-6.85705,62.03216],[-6.85808,62.03243]],[[-6.85808,62.03243],[-6.86054,62.03308]],[[-6.86054,62.03308],[-6.86201,62.03347]],[[-6.86201,62.03347],[-6.86718,62.03483],[-6.86855,62.03507],[-6.87057,62.03529]],[[-6.87057,62.03529],[-6.87188,62.03542],[-6.87324,62.03571],[-6.87438,62.03615],[-6.87513,62.03655]],[[-6.87513,62.03655],[-6.88196,62.04065]],[[-6.88196,62.04065],[-6.88386,62.04181],[-6.88606,62.04336]],[[-6.88606,62.04336],[-6.88727,62.04421],[-6.88803,62.04468]],[[-6.88803,62.04468],[-6.88991,62.04572],[-6.89669,62.0493]],[[-6.89669,62.0493],[-6.89785,62.04991],[-6.90176,62.05156],[-6.90277,62.05209],[-6.90367,62.05269],[-6.90658,62.0548],[-6.90708,62.05508],[-6.90793,62.05541],[-6.90895,62.05564],[-6.91044,62.0558],[-6.91149,62.05584]],[[-6.91149,62.05584],[-6.91239,62.05585],[-6.91645,62.05563]],[[-6.91645,62.05563],[-6.91738,62.05566]],[[-6.91738,62.05566],[-6.91855,62.05577],[-6.92,62.05603]],[[-6.92,62.05603],[-6.92079,62.05618],[-6.9216,62.05644]],[[-6.9216,62.05644],[-6.9222,62.05675],[-6.92258,62.05704],[-6.92329,62.05804]],[[-6.92329,62.05804],[-6.92382,62.05885],[-6.92445,62.05949],[-6.92864,62.06267]],[[-6.92864,62.06267],[-6.93089,62.0643],[-6.93233,62.06511],[-6.93335,62.06554],[-6.93458,62.06596],[-6.9361,62.06639],[-6.93828,62.06684],[-6.94051,62.06718]],[[-6.94051,62.06718],[-6.94384,62.06764],[-6.9445,62.06781],[-6.94493,62.06802]],[[-6.94493,62.06802],[-6.94528,62.06837],[-6.9453,62.06865],[-6.94514,62.06894],[-6.94473,62.06927]],[[-6.94473,62.06927],[-6.94317,62.07039]],[[-6.94317,62.07039],[-6.9416,62.07154],[-6.94076,62.07244],[-6.94016,62.07341],[-6.93952,62.07489],[-6.93924,62.07525],[-6.93886,62.0755],[-6.93705,62.07633],[-6.93634,62.07682],[-6.93494,62.07791],[-6.93475,62.0781],[-6.9344,62.07871],[-6.93432,62.07902],[-6.93431,62.07937],[-6.93453,62.08005],[-6.93484,62.08067],[-6.93572,62.08189],[-6.93675,62.08315],[-6.93729,62.0837],[-6.93787,62.08413]],[[-6.93787,62.08413],[-6.94065,62.08567]],[[-6.94065,62.08567],[-6.94127,62.086]],[[-6.94127,62.086],[-6.94186,62.08631]],[[-6.94186,62.08631],[-6.94549,62.0883],[-6.94695,62.08952],[-6.94758,62.08994],[-6.94871,62.09045],[-6.94975,62.09081],[-6.9505,62.09099],[-6.9512,62.09108],[-6.95198,62.0911],[-6.95634,62.09058],[-6.95727,62.09052],[-6.9598,62.09063],[-6.96059,62.09061],[-6.96432,62.09007]],[[-6.96432,62.09007],[-6.96548,62.09003],[-6.96712,62.09011],[-6.96805,62.09025],[-6.96917,62.0905],[-6.9701,62.09082],[-6.97052,62.09101],[-6.97267,62.0921],[-6.97337,62.09258],[-6.97382,62.09302],[-6.97411,62.09342],[-6.97425,62.09389],[-6.97428,62.09433],[-6.9739,62.09618],[-6.97359,62.09681],[-6.97303,62.09762],[-6.97297,62.09794],[-6.97302,62.09809],[-6.97323,62.09845],[-6.97477,62.09991],[-6.97579,62.10086],[-6.97641,62.10127]],[[-6.97641,62.10127],[-6.9789,62.10227]],[[-6.9789,62.10227],[-6.97985,62.10282],[-6.98084,62.10351],[-6.98145,62.10398],[-6.9826,62.10496],[-6.98312,62.10548],[-6.98373,62.10623],[-6.98399,62.10678],[-6.98407,62.10714]],[[-6.98407,62.10714],[-6.98411,62.10753]],[[-6.98411,62.10753],[-6.98407,62.10793],[-6.98388,62.10832],[-6.98376,62.10841],[-6.98336,62.10856],[-6.98159,62.10881],[-6.98137,62.10888],[-6.98108,62.10906],[-6.981,62.10918],[-6.981,62.10933],[-6.98149,62.11035],[-6.98157,62.11062],[-6.98186,62.11214],[-6.982,62.11326],[-6.98221,62.114],[-6.98261,62.11476],[-6.98407,62.11681],[-6.98458,62.11744],[-6.98503,62.11787]],[[-6.98503,62.11787],[-6.98577,62.11848],[-6.98769,62.11971],[-6.98773,62.1198],[-6.98763,62.11992]],[[-6.98763,62.11992],[-6.98738,62.11997],[-6.9871,62.11993],[-6.98381,62.11895]],[[-6.98381,62.11895],[-6.98323,62.11878]],[[-6.98323,62.11878],[-6.98281,62.11867],[-6.98257,62.11865],[-6.98205,62.11881]],[[-6.98176,62.1187],[-6.98205,62.11881]],[[-6.97953,62.11787],[-6.98176,62.1187]],[[-6.9783,62.11741],[-6.97953,62.11787]],[[-6.97812,62.11734],[-6.9783,62.11741]],[[-6.97789,62.11726],[-6.97812,62.11734]],[[-6.97759,62.11714],[-6.97789,62.11726]],[[-6.97294,62.1149],[-6.97383,62.11555],[-6.97485,62.1161],[-6.97759,62.11714]],[[-6.97201,62.11422],[-6.97294,62.1149]],[[-6.96961,62.11241],[-6.97201,62.11422]],[[-6.96744,62.11038],[-6.96961,62.11241]],[[-6.96479,62.10782],[-6.96744,62.11038]],[[-6.96456,62.1076],[-6.96479,62.10782]],[[-6.96327,62.10668],[-6.96393,62.10709],[-6.96456,62.1076]],[[-6.96201,62.10608],[-6.96327,62.10668]],[[-6.96192,62.10604],[-6.96201,62.10608]],[[-6.96027,62.10542],[-6.96192,62.10604]],[[-6.96012,62.10537],[-6.96027,62.10542]],[[-6.95899,62.10494],[-6.96012,62.10537]],[[-6.95785,62.10463],[-6.95899,62.10494]],[[-6.95753,62.10456],[-6.9577,62.10463],[-6.95785,62.10463]],[[-6.95751,62.10452],[-6.95753,62.10456]],[[-6.95658,62.10414],[-6.95732,62.10441],[-6.95751,62.10452]],[[-6.95639,62.10408],[-6.95658,62.10414]],[[-6.95551,62.10383],[-6.95639,62.10408]],[[-6.95477,62.10363],[-6.95551,62.10383]],[[-6.95442,62.10354],[-6.95477,62.10363]],[[-6.95311,62.10323],[-6.95442,62.10354]],[[-6.95281,62.10317],[-6.95311,62.10323]],[[-6.95105,62.10278],[-6.95281,62.10317]],[[-6.94789,62.10209],[-6.95105,62.10278]],[[-6.94775,62.10207],[-6.94789,62.10209]],[[-6.94732,62.10199],[-6.94775,62.10207]],[[-6.94664,62.10189],[-6.94732,62.10199]],[[-6.94568,62.10176],[-6.94664,62.10189]],[[-6.94513,62.1017],[-6.94568,62.10176]],[[-6.9449,62.10167],[-6.94513,62.1017]],[[-6.94426,62.1016],[-6.9449,62.10167]],[[-6.94423,62.1016],[-6.94426,62.1016]],[[-6.94349,62.10151],[-6.94423,62.1016]],[[-6.94248,62.10141],[-6.94349,62.10151]],[[-6.94177,62.10135],[-6.94248,62.10141]],[[-6.94037,62.10135],[-6.94177,62.10135]],[[-6.94023,62.10136],[-6.94037,62.10135]],[[-6.939,62.10144],[-6.94023,62.10136]],[[-6.93871,62.10146],[-6.939,62.10144]],[[-6.93708,62.10158],[-6.93871,62.10146]],[[-6.93687,62.1016],[-6.93708,62.10158]],[[-6.93672,62.10162],[-6.93687,62.1016]],[[-6.93623,62.1017],[-6.93672,62.10162]],[[-6.93541,62.10186],[-6.93623,62.1017]],[[-6.93267,62.1024],[-6.93541,62.10186]],[[-6.93061,62.10292],[-6.93162,62.10264],[-6.93267,62.1024]],[[-6.93061,62.10292],[-6.93025,62.10305]],[[-6.93025,62.10305],[-6.92932,62.10341],[-6.92861,62.10377]],[[-6.92861,62.10377],[-6.92187,62.10777]],[[-6.92187,62.10777],[-6.91446,62.11219],[-6.91284,62.11309],[-6.91165,62.11362],[-6.91069,62.11398],[-6.90757,62.11497]],[[-6.90757,62.11497],[-6.90653,62.11528]],[[-6.90653,62.11528],[-6.90633,62.11534]],[[-6.90633,62.11534],[-6.90598,62.11545]],[[-6.90598,62.11545],[-6.90437,62.11594]],[[-6.90437,62.11594],[-6.9042,62.11598]],[[-6.9042,62.11598],[-6.90343,62.1162]],[[-6.90343,62.1162],[-6.90278,62.11639]],[[-6.90278,62.11639],[-6.90195,62.11662]],[[-6.9021,62.11678],[-6.90195,62.11662]],[[-6.90208,62.11687],[-6.9021,62.11678]],[[-6.9021,62.11703],[-6.90208,62.11687]],[[-6.9021,62.11703],[-6.90154,62.1171]],[[-6.90154,62.1171],[-6.90142,62.11712]],[[-6.90142,62.11712],[-6.90138,62.11712]],[[-6.90138,62.11712],[-6.90101,62.11715]],[[-6.90101,62.11715],[-6.90082,62.11717]],[[-6.90082,62.11717],[-6.90076,62.11743]],[[-6.90076,62.11743],[-6.90068,62.11755],[-6.90049,62.11769]],[[-6.90049,62.11769],[-6.90079,62.1178],[-6.90113,62.11778]],[[-6.90113,62.11778],[-6.90132,62.11777]],[[-6.90132,62.11777],[-6.90154,62.11775]],[[-6.90154,62.11775],[-6.90234,62.11767]],[[-6.90234,62.11767],[-6.90259,62.11764]],[[-6.90234,62.11767],[-6.90259,62.11764]],[[-6.90154,62.11775],[-6.90234,62.11767]],[[-6.90132,62.11777],[-6.90154,62.11775]],[[-6.90113,62.11778],[-6.90132,62.11777]],[[-6.90049,62.11769],[-6.90079,62.1178],[-6.90113,62.11778]],[[-6.90076,62.11743],[-6.90068,62.11755],[-6.90049,62.11769]],[[-6.90082,62.11717],[-6.90076,62.11743]],[[-6.90101,62.11715],[-6.90082,62.11717]],[[-6.90138,62.11712],[-6.90101,62.11715]],[[-6.90142,62.11712],[-6.90138,62.11712]],[[-6.90154,62.1171],[-6.90142,62.11712]],[[-6.9021,62.11703],[-6.90154,62.1171]],[[-6.9021,62.11703],[-6.90208,62.11687]],[[-6.90179,62.11666],[-6.90208,62.11687]],[[-6.90179,62.11666],[-6.90113,62.11685]],[[-6.90113,62.11685],[-6.90105,62.11687]],[[-6.90105,62.11687],[-6.89902,62.11736]],[[-6.89902,62.11736],[-6.89674,62.1178],[-6.89316,62.11839],[-6.89167,62.11855],[-6.88962,62.11863]],[[-6.88962,62.11863],[-6.88736,62.11863]],[[-6.88736,62.11863],[-6.88685,62.11862]],[[-6.88685,62.11862],[-6.88557,62.11866],[-6.88451,62.11876]],[[-6.88451,62.11876],[-6.88422,62.1188]],[[-6.88422,62.1188],[-6.8841,62.11882]],[[-6.8841,62.11882],[-6.88106,62.11943]],[[-6.88106,62.11943],[-6.87917,62.11975],[-6.87504,62.12016],[-6.87435,62.12029]],[[-6.87435,62.12029],[-6.87397,62.12044],[-6.87376,62.12058],[-6.8736,62.12074],[-6.87349,62.12094],[-6.87351,62.12128],[-6.87371,62.12182]],[[-6.87371,62.12182],[-6.8746,62.12417]],[[-6.8746,62.12417],[-6.87469,62.12437]],[[-6.87469,62.12437],[-6.87472,62.12446]],[[-6.87472,62.12446],[-6.87493,62.12488]],[[-6.87493,62.12488],[-6.87551,62.12586]],[[-6.87551,62.12586],[-6.87609,62.12669]],[[-6.87609,62.12669],[-6.87678,62.12767]],[[-6.87678,62.12767],[-6.87751,62.12842],[-6.87813,62.12898],[-6.87851,62.12928],[-6.87938,62.12982]],[[-6.87938,62.12982],[-6.88216,62.13125],[-6.88352,62.13209],[-6.88412,62.13257],[-6.88464,62.13309],[-6.88482,62.13332],[-6.88514,62.13393]],[[-6.88514,62.13393],[-6.88525,62.13417]],[[-6.88525,62.13417],[-6.88617,62.13605],[-6.88654,62.1366],[-6.88704,62.13711],[-6.8877,62.13761],[-6.88837,62.13803],[-6.89012,62.13882],[-6.89107,62.13916]],[[-6.89107,62.13916],[-6.89688,62.14084],[-6.89841,62.14133],[-6.90037,62.14212],[-6.9034,62.1436]],[[-6.9034,62.1436],[-6.90471,62.14435],[-6.90559,62.14502],[-6.90766,62.14705]],[[-6.90766,62.14705],[-6.90816,62.14754]],[[-6.90816,62.14754],[-6.90896,62.14833]],[[-6.90896,62.14833],[-6.90976,62.14893],[-6.91005,62.14908],[-6.91086,62.14939],[-6.91236,62.14972],[-6.91502,62.15022],[-6.91718,62.15048],[-6.92053,62.15055],[-6.9223,62.15048],[-6.9268,62.15007],[-6.92821,62.14999],[-6.93511,62.14995]],[[-6.93511,62.14995],[-6.93877,62.14997],[-6.93976,62.15008],[-6.94065,62.15028]],[[-6.94065,62.15028],[-6.94103,62.1504]],[[-6.94196,62.15075],[-6.94103,62.1504]],[[-6.94205,62.1508],[-6.94196,62.15075]],[[-6.94296,62.15164],[-6.94254,62.15114],[-6.94205,62.1508]],[[-6.94382,62.15157],[-6.94296,62.15164]],[[-6.94399,62.15155],[-6.94382,62.15157]],[[-6.94419,62.15153],[-6.94399,62.15155]],[[-6.94419,62.15153],[-6.9443,62.15174]],[[-6.9443,62.15174],[-6.94437,62.15197]],[[-6.94437,62.15197],[-6.94437,62.1521]],[[-6.94437,62.1521],[-6.9443,62.15233]],[[-6.9443,62.15233],[-6.94426,62.1524]],[[-6.94426,62.1524],[-6.94413,62.15256]],[[-6.94413,62.15256],[-6.94377,62.15288]],[[-6.94413,62.15256],[-6.94377,62.15288]],[[-6.94426,62.1524],[-6.94413,62.15256]],[[-6.9443,62.15233],[-6.94426,62.1524]],[[-6.94437,62.1521],[-6.9443,62.15233]],[[-6.94437,62.15197],[-6.94437,62.1521]],[[-6.9443,62.15174],[-6.94437,62.15197]],[[-6.94419,62.15153],[-6.9443,62.15174]],[[-6.94419,62.15153],[-6.94399,62.15155]],[[-6.94399,62.15155],[-6.94382,62.15157]],[[-6.94334,62.15166],[-6.94382,62.15157]],[[-6.94299,62.1517],[-6.94334,62.15166]],[[-6.94308,62.15247],[-6.94309,62.15202],[-6.94299,62.1517]],[[-6.94306,62.15254],[-6.94308,62.15247]],[[-6.94296,62.15273],[-6.94306,62.15254]],[[-6.94296,62.15273],[-6.94267,62.15325]],[[-6.94267,62.15325],[-6.94183,62.1548]],[[-6.94183,62.1548],[-6.94171,62.15518],[-6.94164,62.15568]],[[-6.94164,62.15568],[-6.94163,62.15607],[-6.94178,62.15671],[-6.94202,62.1572],[-6.94228,62.15759]],[[-6.94228,62.15759],[-6.94442,62.16038],[-6.94531,62.1614],[-6.94607,62.16208],[-6.94696,62.16281],[-6.94773,62.16333],[-6.94852,62.16379],[-6.9495,62.16427],[-6.95084,62.1648],[-6.96553,62.16981]],[[-6.96553,62.16981],[-6.96738,62.17041],[-6.96962,62.17106],[-6.97238,62.17177]],[[-6.97238,62.17177],[-6.97299,62.17196]],[[-6.97299,62.17196],[-6.97431,62.17246],[-6.97571,62.17319]],[[-6.97571,62.17319],[-6.97671,62.17382]],[[-6.97671,62.17382],[-6.97789,62.17466]],[[-6.97789,62.17466],[-6.97926,62.17573]],[[-6.97926,62.17573],[-6.98082,62.17704],[-6.9818,62.17769],[-6.9828,62.1782],[-6.9837,62.17857],[-6.98525,62.17903],[-6.98676,62.17937],[-6.98878,62.17972],[-7.00856,62.18287]],[[-7.00856,62.18287],[-7.00949,62.18302]],[[-7.00949,62.18302],[-7.01483,62.18381]],[[-7.01483,62.18381],[-7.01665,62.18397],[-7.01969,62.18412],[-7.02121,62.1843],[-7.02356,62.18474],[-7.02469,62.18506],[-7.0253,62.18528]],[[-7.0253,62.18528],[-7.02553,62.18518]],[[-7.02553,62.18518],[-7.02598,62.18521]],[[-7.02598,62.18521],[-7.02658,62.18529]],[[-7.02658,62.18529],[-7.02693,62.18533]],[[-7.02693,62.18533],[-7.02713,62.18535]],[[-7.02713,62.18535],[-7.02769,62.1854]],[[-7.02769,62.1854],[-7.02808,62.18543]],[[-7.02808,62.18543],[-7.02998,62.18561]],[[-7.02998,62.18561],[-7.03013,62.18563]],[[-7.03013,62.18563],[-7.03017,62.18563]],[[-7.03017,62.18563],[-7.0303,62.18565]],[[-7.0303,62.18565],[-7.03038,62.18566]],[[-7.03038,62.18566],[-7.03067,62.1857]],[[-7.03067,62.1857],[-7.03096,62.18575]],[[-7.03096,62.18575],[-7.03184,62.1859]],[[-7.03184,62.1859],[-7.03312,62.18613]],[[-7.03312,62.18613],[-7.03324,62.18616]],[[-7.03324,62.18616],[-7.03351,62.18622]],[[-7.03351,62.18622],[-7.03384,62.1863]],[[-7.03384,62.1863],[-7.03396,62.18633]],[[-7.03396,62.18633],[-7.03495,62.18665]],[[-7.03495,62.18665],[-7.03618,62.18709]],[[-7.03495,62.18665],[-7.03618,62.18709]],[[-7.03396,62.18633],[-7.03495,62.18665]],[[-7.03384,62.1863],[-7.03396,62.18633]],[[-7.03351,62.18622],[-7.03384,62.1863]],[[-7.03324,62.18616],[-7.03351,62.18622]],[[-7.03312,62.18613],[-7.03324,62.18616]],[[-7.03184,62.1859],[-7.03312,62.18613]],[[-7.03096,62.18575],[-7.03184,62.1859]],[[-7.03067,62.1857],[-7.03096,62.18575]],[[-7.03038,62.18566],[-7.03067,62.1857]],[[-7.0303,62.18565],[-7.03038,62.18566]],[[-7.03017,62.18563],[-7.0303,62.18565]],[[-7.03013,62.18563],[-7.03017,62.18563]],[[-7.02998,62.18561],[-7.03013,62.18563]],[[-7.02808,62.18543],[-7.02998,62.18561]],[[-7.02769,62.1854],[-7.02808,62.18543]],[[-7.02713,62.18535],[-7.02769,62.1854]],[[-7.02693,62.18533],[-7.02713,62.18535]],[[-7.02658,62.18529],[-7.02693,62.18533]],[[-7.02598,62.18521],[-7.02658,62.18529]],[[-7.02553,62.18518],[-7.02598,62.18521]],[[-7.0253,62.18528],[-7.02553,62.18518]],[[-7.0253,62.18528],[-7.02607,62.18564],[-7.02656,62.18593]],[[-7.02656,62.18593],[-7.02724,62.18648],[-7.02748,62.18674],[-7.02774,62.18714],[-7.02788,62.18746],[-7.02795,62.18775],[-7.02796,62.18821],[-7.0279,62.18854]],[[-7.0279,62.18854],[-7.0277,62.18901]],[[-7.0277,62.18901],[-7.0276,62.18921]],[[-7.0276,62.18921],[-7.02735,62.18959]],[[-7.02735,62.18959],[-7.02633,62.19052]],[[-7.02633,62.19052],[-7.02617,62.19063]],[[-7.02617,62.19063],[-7.02595,62.19079]],[[-7.02595,62.19079],[-7.02523,62.19122],[-7.02407,62.1918]],[[-7.02407,62.1918],[-7.02241,62.19235],[-7.02127,62.19263],[-7.01657,62.19353],[-7.01479,62.19414]],[[-7.01479,62.19414],[-7.01143,62.19546]],[[-7.01143,62.19546],[-7.01062,62.1959],[-7.00996,62.1964],[-7.00952,62.19692],[-7.00929,62.19735],[-7.00918,62.19775],[-7.00917,62.19814],[-7.00935,62.20047]],[[-7.00935,62.20047],[-7.00975,62.20532],[-7.00992,62.20679]],[[-7.00992,62.20679],[-7.00975,62.20728],[-7.00953,62.20752],[-7.00931,62.20767]],[[-7.00931,62.20767],[-7.00874,62.20789],[-7.00771,62.20809]],[[-7.00771,62.20809],[-7.00764,62.2081]],[[-7.00764,62.2081],[-7.00405,62.20848]],[[-7.00405,62.20848],[-7.00351,62.20854]],[[-7.00315,62.20857],[-7.00351,62.20854]],[[-7.00315,62.20857],[-7.00167,62.20874]],[[-7.00167,62.20874],[-7.00152,62.20877]],[[-7.00152,62.20877],[-7.00061,62.20902]],[[-7.00061,62.20902],[-7.00017,62.20867]],[[-6.99995,62.20831],[-7.00017,62.20867]],[[-6.9997,62.20784],[-6.99995,62.20831]],[[-6.99945,62.20738],[-6.9997,62.20784]],[[-6.99909,62.20674],[-6.99945,62.20738]],[[-6.99894,62.20647],[-6.99909,62.20674]],[[-6.9982,62.20517],[-6.99894,62.20647]],[[-6.9982,62.20517],[-6.99777,62.20522]],[[-6.99777,62.20522],[-6.99768,62.20509]],[[-6.99768,62.20509],[-6.99763,62.20485]],[[-6.99763,62.20485],[-6.99754,62.20443]],[[-6.99754,62.20443],[-6.99744,62.20416],[-6.99715,62.20401]],[[-6.99754,62.20443],[-6.99744,62.20416],[-6.99715,62.20401]],[[-6.99763,62.20485],[-6.99754,62.20443]],[[-6.99768,62.20509],[-6.99763,62.20485]],[[-6.99777,62.20522],[-6.99768,62.20509]],[[-6.9982,62.20517],[-6.99777,62.20522]],[[-6.9982,62.20517],[-6.99894,62.20647]],[[-6.99894,62.20647],[-6.99909,62.20674]],[[-6.99909,62.20674],[-6.99945,62.20738]],[[-6.99945,62.20738],[-6.9997,62.20784]],[[-6.9997,62.20784],[-6.99995,62.20831]],[[-6.99995,62.20831],[-7.00017,62.20867]],[[-7.00061,62.20902],[-7.00017,62.20867]],[[-7.00067,62.20907],[-7.00061,62.20902]],[[-7.00067,62.20907],[-7.00157,62.20883]],[[-7.00157,62.20883],[-7.00189,62.20914]],[[-7.00189,62.20914],[-7.00201,62.20929]],[[-7.00201,62.20929],[-7.00212,62.20945]],[[-7.00212,62.20945],[-7.00225,62.20967],[-7.00231,62.20994]],[[-7.00231,62.20994],[-7.0023,62.21009],[-7.00222,62.21024]],[[-7.00222,62.21024],[-7.00199,62.21054]],[[-7.00199,62.21054],[-7.00185,62.2108],[-7.00191,62.21109]],[[-7.00191,62.21109],[-7.00203,62.21139]],[[-7.00203,62.21139],[-7.00214,62.21165]],[[-7.00214,62.21165],[-7.00219,62.21174]],[[-7.00219,62.21174],[-7.00227,62.21184]],[[-7.00227,62.21184],[-7.00241,62.21198]],[[-7.00241,62.21198],[-7.00253,62.21208]],[[-7.00253,62.21208],[-7.00273,62.21224]],[[-7.00273,62.21224],[-7.00287,62.21245]],[[-7.00287,62.21245],[-7.00295,62.21263]],[[-7.00295,62.21263],[-7.00298,62.21269]],[[-7.00298,62.21269],[-7.00301,62.21277]],[[-7.00301,62.21277],[-7.00302,62.2128]],[[-7.00302,62.2128],[-7.00326,62.21333]],[[-7.00326,62.21333],[-7.00328,62.21336]],[[-7.00328,62.21336],[-7.00329,62.21339]],[[-7.00329,62.21339],[-7.00335,62.2135]],[[-7.00335,62.2135],[-7.00397,62.21438]],[[-7.00397,62.21438],[-7.00429,62.21491]],[[-7.00429,62.21491],[-7.00439,62.21506]],[[-7.00439,62.21506],[-7.00469,62.21567]],[[-7.00469,62.21567],[-7.00483,62.21608]],[[-7.00483,62.21608],[-7.00485,62.21653]],[[-7.00485,62.21653],[-7.00493,62.21675],[-7.00509,62.21691]],[[-7.00509,62.21691],[-7.00553,62.21717]],[[-7.00553,62.21717],[-7.00565,62.21724]],[[-7.00565,62.21724],[-7.006,62.21743]],[[-7.006,62.21743],[-7.00614,62.2175]],[[-7.00614,62.2175],[-7.00638,62.21763]],[[-7.00638,62.21763],[-7.00654,62.21772]],[[-7.00654,62.21772],[-7.00708,62.21801]],[[-7.00708,62.21801],[-7.0072,62.21807]],[[-7.0072,62.21807],[-7.00734,62.21814]],[[-7.00734,62.21814],[-7.008,62.21833],[-7.00976,62.21865]],[[-7.00976,62.21865],[-7.01108,62.21892],[-7.01204,62.21925]],[[-7.01204,62.21925],[-7.01213,62.21929]],[[-7.01213,62.21929],[-7.01258,62.21949]],[[-7.01258,62.21949],[-7.0127,62.21954]],[[-7.0127,62.21954],[-7.01329,62.21982]],[[-7.01329,62.21982],[-7.01453,62.2206]],[[-7.01453,62.2206],[-7.01479,62.22077]],[[-7.01479,62.22077],[-7.01506,62.22096]],[[-7.01506,62.22096],[-7.01516,62.22105]],[[-7.01516,62.22105],[-7.01519,62.22107]],[[-7.01519,62.22107],[-7.01558,62.22137]],[[-7.01558,62.22137],[-7.01566,62.22141]],[[-7.01566,62.22141],[-7.01595,62.2216]],[[-7.01595,62.2216],[-7.01603,62.22165]],[[-7.01603,62.22165],[-7.0163,62.22186]],[[-7.0163,62.22186],[-7.01749,62.22271],[-7.0187,62.22401],[-7.02045,62.22535]],[[-7.02045,62.22535],[-7.02138,62.22609]],[[-7.02138,62.22609],[-7.02146,62.22616]],[[-7.02146,62.22616],[-7.02179,62.2265]],[[-7.02179,62.2265],[-7.02296,62.22757]],[[-7.02296,62.22757],[-7.02464,62.22897]],[[-7.02464,62.22897],[-7.0247,62.22902]],[[-7.0247,62.22902],[-7.02475,62.22906]],[[-7.02475,62.22906],[-7.02501,62.22926],[-7.02556,62.22957]],[[-7.02556,62.22957],[-7.02581,62.22969]],[[-7.02581,62.22969],[-7.02629,62.22999]],[[-7.02629,62.22999],[-7.02637,62.23016]],[[-7.02637,62.23016],[-7.02676,62.23107],[-7.02686,62.23121],[-7.02703,62.23132]],[[-7.02703,62.23132],[-7.02708,62.23135]],[[-7.02708,62.23135],[-7.02739,62.23153]],[[-7.02739,62.23153],[-7.02817,62.23197]],[[-7.02817,62.23197],[-7.02849,62.23217],[-7.02911,62.23269],[-7.02939,62.23286]],[[-7.02939,62.23286],[-7.02947,62.2329]],[[-7.02947,62.2329],[-7.03059,62.23341]],[[-7.03059,62.23341],[-7.03163,62.23384],[-7.03208,62.2341],[-7.03391,62.23594],[-7.03446,62.23626],[-7.03504,62.23642],[-7.03504,62.2365],[-7.03485,62.23662]],[[-7.03485,62.23662],[-7.03762,62.23798]],[[-7.03762,62.23798],[-7.03927,62.23885],[-7.04655,62.24365],[-7.04706,62.24407],[-7.04747,62.24451],[-7.04794,62.24534],[-7.04807,62.24591],[-7.0484,62.24913]],[[-7.0484,62.24913],[-7.04862,62.25115],[-7.04884,62.25176]],[[-7.04884,62.25176],[-7.04905,62.25217]],[[-7.04905,62.25217],[-7.04933,62.25249]],[[-7.04933,62.25249],[-7.05006,62.25319],[-7.05556,62.25805],[-7.05772,62.26014],[-7.05962,62.26232],[-7.05978,62.26256],[-7.06003,62.26311],[-7.06011,62.26341],[-7.06013,62.26402]],[[-7.06013,62.26402],[-7.06006,62.26493]],[[-7.06006,62.26493],[-7.06001,62.26595]],[[-7.06001,62.26595],[-7.06009,62.26659],[-7.06025,62.26706],[-7.06179,62.27073]],[[-7.06179,62.27073],[-7.06206,62.27135]],[[-7.06206,62.27135],[-7.06231,62.27185]],[[-7.06231,62.27185],[-7.06282,62.27244]],[[-7.06282,62.27244],[-7.06336,62.27286]],[[-7.06336,62.27286],[-7.06438,62.2736]],[[-7.06438,62.2736],[-7.06585,62.27501],[-7.06624,62.27546],[-7.06642,62.27581],[-7.06652,62.27651]],[[-7.06652,62.27651],[-7.0666,62.27717],[-7.06675,62.27763],[-7.06702,62.27816],[-7.06765,62.27919],[-7.06796,62.27961],[-7.07006,62.28183],[-7.07101,62.28255],[-7.07432,62.28446],[-7.0752,62.28514],[-7.07565,62.28559]],[[-7.07565,62.28559],[-7.07596,62.28602],[-7.07623,62.28653],[-7.07643,62.2871],[-7.07648,62.28758],[-7.07643,62.28794],[-7.07624,62.28835],[-7.07541,62.28933]],[[-7.07541,62.28933],[-7.07514,62.28981],[-7.07505,62.29019],[-7.07509,62.29061],[-7.07527,62.29102],[-7.07602,62.29228],[-7.07764,62.29354]],[[-7.07764,62.29354],[-7.07945,62.29487],[-7.07986,62.29524],[-7.08007,62.29553]],[[-7.08007,62.29553],[-7.08031,62.29585],[-7.08052,62.29603],[-7.08099,62.29635],[-7.08144,62.29657]],[[-7.08144,62.29657],[-7.08243,62.29707]],[[-7.08243,62.29707],[-7.08323,62.29767],[-7.08386,62.29788]],[[-7.08386,62.29788],[-7.08377,62.29796],[-7.08376,62.29806]],[[-7.08376,62.29806],[-7.08385,62.29822],[-7.08388,62.29845],[-7.08382,62.29887]],[[-7.08382,62.29887],[-7.08379,62.299]],[[-7.08379,62.299],[-7.08378,62.29909],[-7.08391,62.29942],[-7.0839,62.29971],[-7.08382,62.30019],[-7.08359,62.30079]],[[-7.08359,62.30079],[-7.0835,62.30103],[-7.08332,62.30131],[-7.08276,62.30179],[-7.0811,62.30298],[-7.07988,62.30369],[-7.07922,62.30391],[-7.0779,62.30409],[-7.0763,62.30459],[-7.07488,62.30473],[-7.07315,62.30464],[-7.07265,62.30449],[-7.07054,62.30371]],[[-7.07054,62.30371],[-7.07037,62.30364]],[[-7.07037,62.30364],[-7.06976,62.30348],[-7.0686,62.30333],[-7.06676,62.30327]],[[-7.06676,62.30327],[-7.06612,62.30327]],[[-7.06612,62.30327],[-7.06306,62.30308]],[[-7.06306,62.30308],[-7.06212,62.30321],[-7.05993,62.30392],[-7.05925,62.30405],[-7.05868,62.30408],[-7.05804,62.30404],[-7.05738,62.30391],[-7.05674,62.30366]],[[-7.05674,62.30366],[-7.05622,62.30331],[-7.05524,62.3025],[-7.05495,62.30238]],[[-7.05495,62.30238],[-7.05477,62.30235]],[[-7.05477,62.30235],[-7.05285,62.30224],[-7.05097,62.3024],[-7.05035,62.30224],[-7.05021,62.30213],[-7.05013,62.30199],[-7.05012,62.30189],[-7.05053,62.30001]],[[-7.05053,62.30001],[-7.05054,62.29994]],[[-7.05054,62.29994],[-7.05057,62.29974],[-7.0505,62.29951],[-7.04858,62.29662],[-7.04829,62.29636],[-7.04758,62.29609]],[[-7.04758,62.29609],[-7.04539,62.29587],[-7.04499,62.29578],[-7.04447,62.29559],[-7.04391,62.29526],[-7.04374,62.29509],[-7.04365,62.29491],[-7.04349,62.29431],[-7.04333,62.29394],[-7.04236,62.2927],[-7.04223,62.29246],[-7.04191,62.2916]],[[-7.04191,62.2916],[-7.0416,62.29078]],[[-7.0416,62.29078],[-7.04132,62.2903],[-7.04082,62.28992],[-7.03629,62.28776],[-7.03155,62.28565],[-7.03122,62.28561],[-7.03111,62.28571],[-7.03201,62.28637],[-7.03205,62.28645],[-7.032,62.28651],[-7.03168,62.28648],[-7.03067,62.28608],[-7.02844,62.28567],[-7.02773,62.28546],[-7.02692,62.28508],[-7.02461,62.28372],[-7.02414,62.28355],[-7.02341,62.28343]],[[-7.02341,62.28343],[-7.02115,62.28334],[-7.02057,62.28335],[-7.0195,62.28348],[-7.01779,62.28386],[-7.01202,62.28538],[-7.01132,62.28552],[-7.0104,62.28559],[-7.00675,62.28551]],[[-7.00675,62.28551],[-7.00531,62.28547]],[[-7.00531,62.28547],[-7.00021,62.28534]],[[-7.00021,62.28534],[-6.99995,62.28531],[-6.99986,62.28521],[-6.99998,62.28513],[-7.00179,62.28479],[-7.00224,62.2846],[-7.00251,62.2844]],[[-7.00251,62.2844],[-7.00339,62.28355],[-7.0034,62.28342],[-7.00324,62.28336],[-7.00296,62.28337],[-6.99968,62.28417],[-6.9986,62.28435]],[[-6.9986,62.28435],[-6.99611,62.2849],[-6.99535,62.28521],[-6.99472,62.28563],[-6.99285,62.28754],[-6.99215,62.28804],[-6.98834,62.28955]],[[-6.98834,62.28955],[-6.98828,62.28948],[-6.98835,62.28942],[-6.98908,62.28912],[-6.98941,62.2889],[-6.99007,62.28834],[-6.99031,62.28807],[-6.99102,62.2858],[-6.99104,62.28501],[-6.99099,62.28482],[-6.99082,62.28465],[-6.99034,62.28448],[-6.98994,62.28448],[-6.98781,62.28468]],[[-6.98781,62.28468],[-6.9869,62.28478],[-6.98599,62.28494],[-6.98284,62.28563],[-6.98264,62.28568],[-6.98256,62.28576],[-6.98267,62.28584],[-6.98316,62.28587]],[[-6.98316,62.28587],[-6.98662,62.28591],[-6.98683,62.28598],[-6.98675,62.28607],[-6.98652,62.28613],[-6.98253,62.28675],[-6.9816,62.28676],[-6.98096,62.28672],[-6.97987,62.28648]],[[-6.97987,62.28648],[-6.97616,62.28503],[-6.97592,62.28502]],[[-6.97592,62.28502],[-6.97589,62.2851],[-6.97596,62.28516],[-6.97699,62.28562],[-6.97835,62.28681]],[[-6.97835,62.28681],[-6.97908,62.2874],[-6.98006,62.28796],[-6.98008,62.28805],[-6.97995,62.2881],[-6.97977,62.28808],[-6.97565,62.28673]],[[-6.97565,62.28673],[-6.97342,62.28602],[-6.97248,62.28579],[-6.9668,62.28512],[-6.96468,62.28468]],[[-6.96468,62.28468],[-6.96412,62.28454],[-6.96352,62.28431]],[[-6.96352,62.28431],[-6.96311,62.28412]],[[-6.96311,62.28412],[-6.96201,62.2836],[-6.96113,62.28307],[-6.96046,62.28253],[-6.95938,62.28144],[-6.95874,62.28074],[-6.95792,62.27971],[-6.95488,62.27575],[-6.9545,62.27509],[-6.95429,62.27448],[-6.95421,62.27392],[-6.95427,62.27345],[-6.95442,62.27309],[-6.95481,62.27258],[-6.95516,62.27226],[-6.95684,62.27124]],[[-6.95684,62.27124],[-6.95692,62.27117]],[[-6.95692,62.27117],[-6.96089,62.26806],[-6.96191,62.26707],[-6.96258,62.26621],[-6.96311,62.26529],[-6.96351,62.26414],[-6.9636,62.26361],[-6.96362,62.26288],[-6.96351,62.26221],[-6.9634,62.26187]],[[-6.9634,62.26187],[-6.96311,62.26099],[-6.96319,62.26068],[-6.9634,62.26047]],[[-6.9634,62.26047],[-6.96356,62.26035]],[[-6.96356,62.26035],[-6.96365,62.26025],[-6.96372,62.26004],[-6.96373,62.25993],[-6.96363,62.25969],[-6.9631,62.2591],[-6.96237,62.25794],[-6.96189,62.25728],[-6.96163,62.25701],[-6.96071,62.25646],[-6.95987,62.25564]],[[-6.95987,62.25564],[-6.9598,62.25556]],[[-6.9598,62.25556],[-6.95922,62.25493]],[[-6.95922,62.25493],[-6.95878,62.25448]],[[-6.95878,62.25448],[-6.95836,62.25402],[-6.95786,62.25334],[-6.9575,62.25268],[-6.95699,62.25136],[-6.95652,62.25055],[-6.9558,62.24965],[-6.95345,62.24689],[-6.95277,62.24621],[-6.95214,62.24567]],[[-6.95214,62.24567],[-6.94955,62.24359],[-6.94895,62.243],[-6.9484,62.24232],[-6.94788,62.24191],[-6.94655,62.24111],[-6.94415,62.23979],[-6.94289,62.23886],[-6.94157,62.23822],[-6.93969,62.23686],[-6.93892,62.23649],[-6.93745,62.23609],[-6.9367,62.23583],[-6.93312,62.23423]],[[-6.93312,62.23423],[-6.93239,62.23396],[-6.93185,62.23391],[-6.9315,62.23395]],[[-6.9315,62.23395],[-6.93136,62.23397]],[[-6.93136,62.23397],[-6.93072,62.23415]],[[-6.93072,62.23415],[-6.92975,62.23443]],[[-6.92937,62.23398],[-6.92975,62.23443]],[[-6.92901,62.23354],[-6.92937,62.23398]],[[-6.92867,62.23315],[-6.92901,62.23354]],[[-6.92849,62.23292],[-6.92867,62.23315]],[[-6.92759,62.23155],[-6.92796,62.23221],[-6.92849,62.23292]],[[-6.9272,62.2309],[-6.92759,62.23155]],[[-6.91535,62.22266],[-6.91817,62.22363],[-6.91951,62.22421],[-6.92202,62.22557],[-6.92345,62.2264],[-6.92514,62.22794],[-6.92594,62.2288],[-6.9272,62.2309]],[[-6.91398,62.22204],[-6.91535,62.22266]],[[-6.90628,62.2187],[-6.90636,62.21904],[-6.90653,62.2192],[-6.91219,62.22124],[-6.91398,62.22204]],[[-6.90628,62.2187],[-6.90305,62.21873],[-6.89939,62.21891]],[[-6.89939,62.21891],[-6.8991,62.21894]],[[-6.8991,62.21894],[-6.89542,62.21931]],[[-6.89542,62.21931],[-6.89106,62.21986],[-6.8884,62.2201]],[[-6.8884,62.2201],[-6.88503,62.22028],[-6.88259,62.2203],[-6.88156,62.22026]],[[-6.88156,62.22026],[-6.88094,62.22023]],[[-6.88094,62.22023],[-6.87914,62.22004],[-6.8783,62.21991],[-6.87659,62.2195],[-6.87588,62.21927],[-6.86986,62.21698],[-6.86908,62.21667],[-6.86795,62.21615],[-6.8671,62.21563],[-6.86643,62.21508],[-6.86317,62.21097]],[[-6.86317,62.21097],[-6.86137,62.20872]],[[-6.86137,62.20872],[-6.86051,62.20768],[-6.85969,62.20685],[-6.85647,62.20412]],[[-6.85647,62.20412],[-6.85541,62.20311],[-6.8537,62.20118]],[[-6.8537,62.20118],[-6.85345,62.20088]],[[-6.85345,62.20088],[-6.85302,62.2004]],[[-6.85302,62.2004],[-6.85348,62.2003]],[[-6.85348,62.2003],[-6.85412,62.20011]],[[-6.85412,62.20011],[-6.85443,62.19991],[-6.85472,62.1996]],[[-6.85472,62.1996],[-6.85493,62.19932]],[[-6.85493,62.19932],[-6.85504,62.19917]],[[-6.85504,62.19917],[-6.85513,62.19906]],[[-6.85513,62.19906],[-6.85533,62.1988]],[[-6.85533,62.1988],[-6.85538,62.19873]],[[-6.85538,62.19873],[-6.85558,62.19847]],[[-6.85558,62.19847],[-6.85647,62.19729]],[[-6.85647,62.19729],[-6.85661,62.19708]],[[-6.85661,62.19708],[-6.85665,62.19698]],[[-6.85665,62.19698],[-6.85668,62.19679]],[[-6.85668,62.19679],[-6.85664,62.19651]],[[-6.85664,62.19651],[-6.85642,62.19615],[-6.85563,62.19532]],[[-6.85563,62.19532],[-6.85556,62.19525]],[[-6.85556,62.19525],[-6.85594,62.19514]],[[-6.85594,62.19514],[-6.85607,62.19509]],[[-6.85607,62.19509],[-6.85625,62.19503]],[[-6.85625,62.19503],[-6.85673,62.19486]],[[-6.85673,62.19486],[-6.85707,62.19509]],[[-6.85707,62.19509],[-6.85711,62.19513]],[[-6.85711,62.19513],[-6.85718,62.19519]],[[-6.85718,62.19519],[-6.85741,62.1954]],[[-6.85741,62.1954],[-6.85751,62.19549]],[[-6.85751,62.19549],[-6.85774,62.19571]],[[-6.85751,62.19549],[-6.85774,62.19571]],[[-6.85741,62.1954],[-6.85751,62.19549]],[[-6.85718,62.19519],[-6.85741,62.1954]],[[-6.85711,62.19513],[-6.85718,62.19519]],[[-6.85707,62.19509],[-6.85711,62.19513]],[[-6.85673,62.19486],[-6.85707,62.19509]],[[-6.85625,62.19503],[-6.85673,62.19486]],[[-6.85607,62.19509],[-6.85625,62.19503]],[[-6.85594,62.19514],[-6.85607,62.19509]],[[-6.85556,62.19525],[-6.85594,62.19514]],[[-6.85556,62.19525],[-6.85462,62.19459]],[[-6.85462,62.19459],[-6.85404,62.19425]],[[-6.85404,62.19425],[-6.85361,62.19399]],[[-6.85361,62.19399],[-6.8534,62.19387]],[[-6.8534,62.19387],[-6.8532,62.19376]],[[-6.8532,62.19376],[-6.85291,62.19359]],[[-6.85291,62.19359],[-6.85245,62.19331]],[[-6.85245,62.19331],[-6.85207,62.19308]],[[-6.85207,62.19308],[-6.85205,62.19308]],[[-6.85205,62.19308],[-6.85196,62.19302]],[[-6.85196,62.19302],[-6.84948,62.19158]],[[-6.84948,62.19158],[-6.84859,62.19119],[-6.84719,62.19074]],[[-6.84719,62.19074],[-6.84523,62.19007],[-6.84397,62.18956],[-6.84243,62.18882],[-6.83947,62.18714]],[[-6.83947,62.18714],[-6.83941,62.1871]],[[-6.83941,62.1871],[-6.83636,62.18541]],[[-6.83636,62.18541],[-6.83422,62.18421]],[[-6.83422,62.18421],[-6.83266,62.18332]],[[-6.83266,62.18332],[-6.83123,62.18248],[-6.83051,62.18199],[-6.82917,62.18097]],[[-6.82917,62.18097],[-6.82826,62.1803]],[[-6.82826,62.1803],[-6.82634,62.17898],[-6.82542,62.17828],[-6.82335,62.17652],[-6.82257,62.17609],[-6.82059,62.17529],[-6.81936,62.17487],[-6.81746,62.17428],[-6.81474,62.17353]],[[-6.81474,62.17353],[-6.81193,62.17279],[-6.81042,62.17232],[-6.80931,62.17188],[-6.80834,62.17141],[-6.80729,62.17076]],[[-6.80729,62.17076],[-6.80699,62.17081],[-6.80675,62.17077],[-6.80632,62.17042],[-6.80551,62.16999]],[[-6.80551,62.16999],[-6.80507,62.16981]],[[-6.80507,62.16981],[-6.8033,62.16917]],[[-6.8033,62.16917],[-6.80195,62.16876]],[[-6.80195,62.16876],[-6.80001,62.16816],[-6.79821,62.16768]],[[-6.79821,62.16768],[-6.79755,62.16748],[-6.79694,62.16721]],[[-6.79694,62.16721],[-6.79646,62.16698]],[[-6.79646,62.16698],[-6.79626,62.16689]],[[-6.79626,62.16689],[-6.79566,62.16661]],[[-6.79566,62.16661],[-6.7947,62.16616]],[[-6.7947,62.16616],[-6.79384,62.16571]],[[-6.79384,62.16571],[-6.79367,62.16562]],[[-6.79367,62.16562],[-6.79353,62.16555]],[[-6.79353,62.16555],[-6.79287,62.16521]],[[-6.79287,62.16521],[-6.79234,62.16497]],[[-6.79234,62.16497],[-6.792,62.16483]],[[-6.792,62.16483],[-6.79143,62.16463]],[[-6.79143,62.16463],[-6.79126,62.16457]],[[-6.79126,62.16457],[-6.79095,62.16447]],[[-6.79095,62.16447],[-6.79068,62.16438]],[[-6.79068,62.16438],[-6.79039,62.16426]],[[-6.79039,62.16426],[-6.7901,62.16414]],[[-6.7901,62.16414],[-6.78987,62.16402]],[[-6.78987,62.16402],[-6.78974,62.16397]],[[-6.78974,62.16397],[-6.78967,62.16393]],[[-6.78967,62.16393],[-6.78929,62.16367]],[[-6.78929,62.16367],[-6.78907,62.1635]],[[-6.78907,62.1635],[-6.78902,62.16346]],[[-6.78902,62.16346],[-6.78844,62.16301]],[[-6.78844,62.16301],[-6.78825,62.16289]],[[-6.78825,62.16289],[-6.78729,62.16317]],[[-6.78825,62.16289],[-6.78729,62.16317]],[[-6.78825,62.16289],[-6.78816,62.16282]],[[-6.78816,62.16282],[-6.78791,62.16261]],[[-6.78791,62.16261],[-6.78774,62.16246]],[[-6.78774,62.16246],[-6.78767,62.1624]],[[-6.78767,62.1624],[-6.78735,62.16218]],[[-6.78735,62.16218],[-6.78733,62.16216]],[[-6.78733,62.16216],[-6.7872,62.16206]],[[-6.7872,62.16206],[-6.78716,62.16203]],[[-6.78716,62.16203],[-6.78645,62.16145]],[[-6.78645,62.16145],[-6.78573,62.161]],[[-6.78573,62.161],[-6.78522,62.16069]],[[-6.78522,62.16069],[-6.78491,62.1605]],[[-6.78491,62.1605],[-6.78473,62.16039]],[[-6.78473,62.16039],[-6.78409,62.16]],[[-6.78409,62.16],[-6.78392,62.15991]],[[-6.78392,62.15991],[-6.78378,62.15983]],[[-6.78378,62.15983],[-6.78363,62.15974]],[[-6.78363,62.15974],[-6.7835,62.15967]],[[-6.7835,62.15967],[-6.78301,62.15938]],[[-6.78301,62.15938],[-6.78283,62.15927]],[[-6.78283,62.15927],[-6.78271,62.1592]],[[-6.78271,62.1592],[-6.78256,62.15911]],[[-6.78256,62.15911],[-6.78228,62.15893]],[[-6.78228,62.15893],[-6.78186,62.1587]],[[-6.78186,62.1587],[-6.78181,62.15867]],[[-6.78181,62.15867],[-6.78147,62.15847]],[[-6.78147,62.15847],[-6.78128,62.15835]],[[-6.78128,62.15835],[-6.78115,62.15827]],[[-6.78115,62.15827],[-6.78078,62.15806]],[[-6.78078,62.15806],[-6.78066,62.15799]],[[-6.78066,62.15799],[-6.78046,62.15787]],[[-6.78046,62.15787],[-6.78038,62.15782]],[[-6.78038,62.15782],[-6.78029,62.15777]],[[-6.78029,62.15777],[-6.78017,62.15769]],[[-6.78017,62.15769],[-6.78014,62.15767]],[[-6.78014,62.15767],[-6.77997,62.15756]],[[-6.77997,62.15756],[-6.77994,62.15754]],[[-6.77994,62.15754],[-6.77974,62.15742]],[[-6.77974,62.15742],[-6.77938,62.1572]],[[-6.77938,62.1572],[-6.77914,62.15705]],[[-6.77914,62.15705],[-6.77899,62.15696]],[[-6.77899,62.15696],[-6.77888,62.15689]],[[-6.77888,62.15689],[-6.77874,62.15681]],[[-6.77874,62.15681],[-6.77844,62.15663]],[[-6.77844,62.15663],[-6.7781,62.15637]],[[-6.7781,62.15637],[-6.77781,62.15605]],[[-6.77781,62.15605],[-6.77764,62.15585]],[[-6.77764,62.15585],[-6.77746,62.15565]],[[-6.77746,62.15565],[-6.77739,62.15558]],[[-6.77739,62.15558],[-6.77704,62.15521]],[[-6.77704,62.15521],[-6.77702,62.15518]],[[-6.77702,62.15518],[-6.77684,62.15498]],[[-6.77684,62.15498],[-6.7766,62.15471]],[[-6.7766,62.15471],[-6.77644,62.15454]],[[-6.77644,62.15454],[-6.77637,62.15446]],[[-6.77637,62.15446],[-6.77623,62.15431]],[[-6.77623,62.15431],[-6.77618,62.15426]],[[-6.77618,62.15426],[-6.77584,62.15402]],[[-6.77584,62.15402],[-6.77552,62.15383]],[[-6.77552,62.15383],[-6.77532,62.15372]],[[-6.77532,62.15372],[-6.77519,62.15365]],[[-6.77519,62.15365],[-6.77479,62.15329]],[[-6.77479,62.15329],[-6.77468,62.15303],[-6.77466,62.15282]],[[-6.77466,62.15282],[-6.77465,62.15281]],[[-6.77465,62.15281],[-6.77468,62.15236]],[[-6.77468,62.15236],[-6.77468,62.15201]],[[-6.77468,62.15201],[-6.77468,62.15193]],[[-6.77468,62.15193],[-6.77469,62.15183]],[[-6.77469,62.15183],[-6.77468,62.15168]],[[-6.77468,62.15168],[-6.77468,62.15149]],[[-6.77468,62.15149],[-6.77468,62.15139]],[[-6.77468,62.15139],[-6.77469,62.15116]],[[-6.77469,62.15116],[-6.77469,62.15094]],[[-6.77469,62.15094],[-6.77469,62.15083]],[[-6.77469,62.15083],[-6.77469,62.1507]],[[-6.77469,62.1507],[-6.7747,62.15059]],[[-6.7747,62.15059],[-6.7747,62.15058]],[[-6.7747,62.15058],[-6.7747,62.15041]],[[-6.7747,62.15041],[-6.7747,62.15021]],[[-6.7747,62.15021],[-6.77467,62.15004],[-6.77453,62.14987]],[[-6.77453,62.14987],[-6.77448,62.14981]],[[-6.77448,62.14981],[-6.77437,62.14968]],[[-6.77437,62.14968],[-6.77431,62.14961]],[[-6.77431,62.14961],[-6.77359,62.14898]],[[-6.77359,62.14898],[-6.77351,62.14892]],[[-6.77351,62.14892],[-6.77325,62.14872]],[[-6.77325,62.14872],[-6.77262,62.14827],[-6.77182,62.14787]],[[-6.77182,62.14787],[-6.77159,62.14772]],[[-6.77159,62.14772],[-6.77096,62.14724]],[[-6.77096,62.14724],[-6.76968,62.14613],[-6.76897,62.14568]],[[-6.76897,62.14568],[-6.76783,62.14507]],[[-6.76783,62.14507],[-6.7659,62.14367],[-6.76509,62.14326]],[[-6.76509,62.14326],[-6.76498,62.14321]],[[-6.76498,62.14321],[-6.76294,62.14231],[-6.762,62.14182]],[[-6.762,62.14182],[-6.76165,62.14162]],[[-6.76165,62.14162],[-6.76101,62.14114]],[[-6.76101,62.14114],[-6.7609,62.14104]],[[-6.7609,62.14104],[-6.76062,62.14071]],[[-6.76062,62.14071],[-6.76003,62.13993]],[[-6.76003,62.13993],[-6.75963,62.13936]],[[-6.75963,62.13936],[-6.75942,62.13894]],[[-6.75942,62.13894],[-6.75931,62.13868]],[[-6.75931,62.13868],[-6.75917,62.13837]],[[-6.75917,62.13837],[-6.759,62.13798]],[[-6.759,62.13798],[-6.75885,62.1376]],[[-6.75885,62.1376],[-6.75858,62.13646]],[[-6.75858,62.13646],[-6.75839,62.13558]],[[-6.75839,62.13558],[-6.75831,62.13522]],[[-6.75831,62.13522],[-6.75811,62.13441],[-6.75819,62.13362]],[[-6.75819,62.13362],[-6.75829,62.13304]],[[-6.75829,62.13304],[-6.75843,62.13201]],[[-6.75843,62.13201],[-6.75845,62.13189]],[[-6.75845,62.13189],[-6.75846,62.1318]],[[-6.75846,62.1318],[-6.75852,62.13097],[-6.75848,62.13049],[-6.7582,62.12982],[-6.75777,62.12923],[-6.75791,62.12913],[-6.75824,62.12908]],[[-6.75824,62.12908],[-6.75726,62.12657]],[[-6.75726,62.12657],[-6.7568,62.12535]],[[-6.7568,62.12535],[-6.7561,62.12337]],[[-6.7561,62.12337],[-6.75583,62.12286]],[[-6.75583,62.12286],[-6.75574,62.12249]],[[-6.75574,62.12249],[-6.75565,62.12205],[-6.75554,62.12179]],[[-6.75554,62.12179],[-6.7551,62.12133]],[[-6.7551,62.12133],[-6.7547,62.12097],[-6.75442,62.12058]],[[-6.75442,62.12058],[-6.75423,62.12013],[-6.75424,62.1192],[-6.75411,62.11885],[-6.75381,62.11849]],[[-6.75381,62.11849],[-6.75308,62.11788],[-6.75291,62.11764],[-6.75279,62.11728]],[[-6.75279,62.11728],[-6.75279,62.11723]],[[-6.75279,62.11723],[-6.75279,62.11692]],[[-6.75279,62.11692],[-6.75283,62.11638],[-6.75296,62.11604]],[[-6.75296,62.11604],[-6.75331,62.11577],[-6.75348,62.11572]],[[-6.75348,62.11572],[-6.75371,62.11569]],[[-6.75371,62.11569],[-6.75403,62.11585]],[[-6.75433,62.11632],[-6.75422,62.116],[-6.75403,62.11585]],[[-6.75468,62.11656],[-6.75442,62.11646],[-6.75433,62.11632]],[[-6.7548,62.1166],[-6.75468,62.11656]],[[-6.75502,62.1163],[-6.7548,62.1166]],[[-6.75572,62.11528],[-6.75542,62.11561],[-6.75502,62.1163]],[[-6.75604,62.11487],[-6.75572,62.11528]],[[-6.7562,62.11464],[-6.75604,62.11487]],[[-6.75816,62.11216],[-6.75736,62.11335],[-6.75693,62.11372],[-6.7562,62.11464]],[[-6.75894,62.11111],[-6.75873,62.11155],[-6.75816,62.11216]],[[-6.75903,62.11087],[-6.75894,62.11111]],[[-6.75908,62.11075],[-6.75903,62.11087]],[[-6.75911,62.11067],[-6.75908,62.11075]],[[-6.75919,62.11051],[-6.75911,62.11067]],[[-6.75934,62.11011],[-6.75919,62.11051]],[[-6.75935,62.11009],[-6.75934,62.11011]],[[-6.75955,62.10977],[-6.75935,62.11009]],[[-6.7596,62.10971],[-6.75955,62.10977]],[[-6.7597,62.10961],[-6.7596,62.10971]],[[-6.75982,62.1095],[-6.7597,62.10961]],[[-6.7599,62.10944],[-6.75982,62.1095]],[[-6.7599,62.10944],[-6.76077,62.10951]],[[-6.76077,62.10951],[-6.76093,62.10951]],[[-6.76093,62.10951],[-6.76125,62.10949]]]},"properties":{"id":"great-central","name":"Great Central Loop","color":"#2a9d8f"}},{"type":"Feature","id":"kirkjubour","geometry":{"type":"MultiLineString","coordinates":[[[-6.77184,62.01014],[-6.77153,62.01019]],[[-6.77184,62.01014],[-6.77283,62.00974]],[[-6.77346,62.01027],[-6.77283,62.00974]],[[-6.77379,62.01059],[-6.77346,62.01027]],[[-6.77393,62.01071],[-6.77379,62.01059]],[[-6.77458,62.01126],[-6.77393,62.01071]],[[-6.77458,62.01126],[-6.77576,62.01095]],[[-6.77576,62.01095],[-6.77616,62.01084]],[[-6.77616,62.01084],[-6.7768,62.0105]],[[-6.7768,62.0105],[-6.77722,62.01026]],[[-6.77722,62.01026],[-6.77767,62.01008]],[[-6.77767,62.01008],[-6.7792,62.00957]],[[-6.7792,62.00957],[-6.77968,62.00942]],[[-6.77968,62.00942],[-6.78,62.00932]],[[-6.78,62.00932],[-6.78101,62.00903]],[[-6.78101,62.00903],[-6.78158,62.00887]],[[-6.78158,62.00887],[-6.78258,62.00854]],[[-6.78258,62.00854],[-6.78315,62.00834]],[[-6.78315,62.00834],[-6.78354,62.00822]],[[-6.78354,62.00822],[-6.78391,62.0081]],[[-6.78391,62.0081],[-6.7846,62.00789]],[[-6.7846,62.00789],[-6.78467,62.00787]],[[-6.78467,62.00787],[-6.78488,62.0078]],[[-6.78564,62.00742],[-6.7857,62.0075],[-6.78564,62.00755],[-6.78488,62.0078]],[[-6.78558,62.00737],[-6.78564,62.00742]],[[-6.78549,62.00729],[-6.78558,62.00737]],[[-6.78541,62.00721],[-6.78549,62.00729]],[[-6.78541,62.00721],[-6.78542,62.00717],[-6.78525,62.00698]],[[-6.78525,62.00698],[-6.78523,62.00696]],[[-6.78523,62.00696],[-6.78527,62.00691]],[[-6.78527,62.00691],[-6.78532,62.0069]],[[-6.78532,62.0069],[-6.78557,62.00684]],[[-6.78557,62.00684],[-6.78571,62.00679]],[[-6.78571,62.00679],[-6.78683,62.00661],[-6.78777,62.00639]],[[-6.78777,62.00639],[-6.78853,62.00606]],[[-6.78853,62.00606],[-6.78873,62.00598]],[[-6.78873,62.00598],[-6.78878,62.00595]],[[-6.78878,62.00595],[-6.78884,62.00595]],[[-6.78884,62.00595],[-6.78891,62.00593]],[[-6.78891,62.00593],[-6.78894,62.00588]],[[-6.78894,62.00588],[-6.78897,62.00586]],[[-6.78897,62.00586],[-6.78912,62.00579]],[[-6.78999,62.0054],[-6.78912,62.00579]],[[-6.79121,62.00489],[-6.78999,62.0054]],[[-6.79307,62.00422],[-6.79121,62.00489]],[[-6.79307,62.00422],[-6.79363,62.00404]],[[-6.79363,62.00404],[-6.79495,62.00372]],[[-6.79495,62.00372],[-6.79594,62.0035]],[[-6.79594,62.0035],[-6.79711,62.00323]],[[-6.79711,62.00323],[-6.79753,62.00314]],[[-6.79753,62.00314],[-6.79914,62.00281]],[[-6.79914,62.00281],[-6.79957,62.00272]],[[-6.79977,62.00267],[-6.79957,62.00272]],[[-6.80052,62.00243],[-6.79977,62.00267]],[[-6.80052,62.00243],[-6.79955,62.00185]],[[-6.79955,62.00185],[-6.80041,62.00158]],[[-6.80041,62.00158],[-6.80068,62.00152]],[[-6.80068,62.00152],[-6.80436,62.00071]],[[-6.80436,62.00071],[-6.80749,62.00025]],[[-6.80749,62.00025],[-6.80888,62.00006]],[[-6.80888,62.00006],[-6.80974,61.99995]],[[-6.80974,61.99995],[-6.80981,61.99993]],[[-6.80981,61.99993],[-6.81281,61.99951]],[[-6.81281,61.99951],[-6.81638,61.99902]],[[-6.81638,61.99902],[-6.81734,61.99889]],[[-6.81734,61.99889],[-6.81913,61.99874]],[[-6.81913,61.99874],[-6.82056,61.99872],[-6.82223,61.99881],[-6.82634,61.99943]],[[-6.82634,61.99943],[-6.82727,61.99956]],[[-6.82727,61.99956],[-6.82826,61.9997]],[[-6.82826,61.9997],[-6.82891,61.99978]],[[-6.82891,61.99978],[-6.83098,62.00003]],[[-6.83098,62.00003],[-6.83272,62.00024]],[[-6.83272,62.00024],[-6.83502,62.00059],[-6.83741,62.00104]],[[-6.83741,62.00104],[-6.83912,62.0014]],[[-6.83912,62.0014],[-6.84063,62.00174],[-6.84136,62.00186],[-6.84238,62.00189],[-6.84342,62.0018]],[[-6.84342,62.0018],[-6.84409,62.00166]],[[-6.84409,62.00166],[-6.8449,62.00137]],[[-6.8449,62.00137],[-6.84525,62.00118],[-6.8456,62.00091],[-6.84594,62.00044],[-6.84601,62.00016],[-6.846,61.99993],[-6.84577,61.99948]],[[-6.84577,61.99948],[-6.84513,61.99888]],[[-6.84513,61.99888],[-6.84461,61.9984],[-6.84432,61.99806],[-6.8441,61.99768],[-6.84396,61.99734],[-6.84387,61.99691],[-6.84388,61.99659],[-6.84415,61.99565]],[[-6.84415,61.99565],[-6.84545,61.99212],[-6.84574,61.99155],[-6.84616,61.99097],[-6.84666,61.99045],[-6.84812,61.98921],[-6.84838,61.98884],[-6.84853,61.98848],[-6.84856,61.98813],[-6.84849,61.98778],[-6.84833,61.98743],[-6.84812,61.98716],[-6.8478,61.98686],[-6.84742,61.98659],[-6.84651,61.98615]],[[-6.84651,61.98615],[-6.84568,61.98589],[-6.84461,61.98563]],[[-6.84461,61.98563],[-6.84323,61.98524],[-6.84173,61.98468],[-6.84061,61.98414],[-6.83914,61.98327]],[[-6.8417,61.984],[-6.84112,61.98397],[-6.84049,61.98381],[-6.84015,61.98362],[-6.83982,61.98321],[-6.83958,61.98318],[-6.83914,61.98327]],[[-6.84319,61.98379],[-6.8417,61.984]],[[-6.84394,61.98369],[-6.84319,61.98379]],[[-6.85391,61.98355],[-6.8536,61.98357],[-6.85296,61.98349],[-6.85211,61.98354],[-6.85055,61.98339],[-6.8469,61.98321],[-6.84652,61.98325],[-6.84523,61.98356],[-6.84394,61.98369]],[[-6.85493,61.98349],[-6.85426,61.98347],[-6.85391,61.98355]],[[-6.85742,61.98407],[-6.85702,61.98405],[-6.85665,61.98384],[-6.85618,61.98367],[-6.85493,61.98349]],[[-6.85781,61.98406],[-6.85742,61.98407]],[[-6.85899,61.98412],[-6.85781,61.98406]],[[-6.85961,61.98392],[-6.85987,61.98411],[-6.8599,61.98419],[-6.85989,61.9845],[-6.85981,61.98457],[-6.8596,61.98453],[-6.85958,61.98432],[-6.85953,61.98425],[-6.85924,61.98415],[-6.85899,61.98412]],[[-6.85879,61.98339],[-6.85895,61.98354],[-6.85961,61.98392]],[[-6.85871,61.98327],[-6.85879,61.98339]],[[-6.85831,61.98305],[-6.85871,61.98327]],[[-6.8579,61.98282],[-6.85831,61.98305]],[[-6.85763,61.98274],[-6.8579,61.98282]],[[-6.85753,61.98271],[-6.85763,61.98274]],[[-6.85721,61.98264],[-6.85753,61.98271]],[[-6.85711,61.98262],[-6.85721,61.98264]],[[-6.85627,61.98237],[-6.85711,61.98262]],[[-6.85591,61.98227],[-6.85627,61.98237]],[[-6.85576,61.98223],[-6.85591,61.98227]],[[-6.85573,61.98222],[-6.85576,61.98223]],[[-6.85551,61.98219],[-6.85573,61.98222]],[[-6.85208,61.98196],[-6.85305,61.98212],[-6.85551,61.98219]],[[-6.85087,61.98163],[-6.85208,61.98196]],[[-6.8492,61.98117],[-6.85087,61.98163]],[[-6.84832,61.98074],[-6.84892,61.98093],[-6.8492,61.98117]],[[-6.84775,61.9806],[-6.84832,61.98074]],[[-6.84696,61.98042],[-6.84775,61.9806]],[[-6.8453,61.98003],[-6.84696,61.98042]],[[-6.84484,61.97992],[-6.8453,61.98003]],[[-6.84398,61.97955],[-6.84432,61.97973],[-6.84484,61.97992]],[[-6.84337,61.97923],[-6.84398,61.97955]],[[-6.84099,61.978],[-6.84119,61.97802],[-6.84209,61.97859],[-6.84337,61.97923]],[[-6.83922,61.97703],[-6.84099,61.978]],[[-6.83685,61.97599],[-6.83717,61.97604],[-6.83752,61.97616],[-6.838,61.97644],[-6.83871,61.97675],[-6.83922,61.97703]],[[-6.83108,61.97402],[-6.8319,61.97407],[-6.83279,61.97449],[-6.833,61.97454],[-6.83389,61.9746],[-6.83428,61.97473],[-6.83463,61.97497],[-6.83517,61.97582],[-6.83538,61.976],[-6.83573,61.97605],[-6.83641,61.97599],[-6.83685,61.97599]],[[-6.83108,61.97402],[-6.83097,61.97386]],[[-6.83097,61.97386],[-6.83061,61.97337]],[[-6.83061,61.97337],[-6.83001,61.97262],[-6.82945,61.97205]],[[-6.82945,61.97205],[-6.82928,61.97187]],[[-6.82928,61.97187],[-6.82773,61.97049],[-6.82635,61.96947]],[[-6.82635,61.96947],[-6.82518,61.96871],[-6.82286,61.96734],[-6.82131,61.9663]],[[-6.82131,61.9663],[-6.82101,61.96608]],[[-6.82101,61.96608],[-6.82061,61.96616],[-6.82033,61.96613]],[[-6.82033,61.96613],[-6.82005,61.96569],[-6.81905,61.96504]],[[-6.81905,61.96504],[-6.81671,61.96363],[-6.81607,61.96331],[-6.81414,61.9625],[-6.8133,61.96208],[-6.81284,61.96176],[-6.81174,61.96078],[-6.81057,61.96017],[-6.81024,61.95989],[-6.80888,61.95916],[-6.80854,61.95889],[-6.80784,61.9585],[-6.80738,61.95818]],[[-6.80738,61.95818],[-6.80711,61.95799]],[[-6.80711,61.95799],[-6.80608,61.95765],[-6.80514,61.95716],[-6.80434,61.95681],[-6.80409,61.95665],[-6.80334,61.95595],[-6.802,61.95537]],[[-6.802,61.95537],[-6.8006,61.95485],[-6.80001,61.95471],[-6.79925,61.95462],[-6.79806,61.95426]],[[-6.79806,61.95426],[-6.79757,61.95412]],[[-6.79757,61.95412],[-6.79739,61.95411],[-6.79582,61.95369]],[[-6.79582,61.95369],[-6.79436,61.95315]],[[-6.79582,61.95369],[-6.79436,61.95315]],[[-6.79757,61.95412],[-6.79739,61.95411],[-6.79582,61.95369]],[[-6.79806,61.95426],[-6.79757,61.95412]],[[-6.802,61.95537],[-6.8006,61.95485],[-6.80001,61.95471],[-6.79925,61.95462],[-6.79806,61.95426]],[[-6.80711,61.95799],[-6.80608,61.95765],[-6.80514,61.95716],[-6.80434,61.95681],[-6.80409,61.95665],[-6.80334,61.95595],[-6.802,61.95537]],[[-6.80738,61.95818],[-6.80711,61.95799]],[[-6.81905,61.96504],[-6.81671,61.96363],[-6.81607,61.96331],[-6.81414,61.9625],[-6.8133,61.96208],[-6.81284,61.96176],[-6.81174,61.96078],[-6.81057,61.96017],[-6.81024,61.95989],[-6.80888,61.95916],[-6.80854,61.95889],[-6.80784,61.9585],[-6.80738,61.95818]],[[-6.82033,61.96613],[-6.82005,61.96569],[-6.81905,61.96504]],[[-6.82101,61.96608],[-6.82061,61.96616],[-6.82033,61.96613]],[[-6.82101,61.96608],[-6.81937,61.96478],[-6.81853,61.96419],[-6.81701,61.96329],[-6.8149,61.96225],[-6.81433,61.96192],[-6.81337,61.96127],[-6.81329,61.9611],[-6.81337,61.96103],[-6.81351,61.96098],[-6.81388,61.96101],[-6.81489,61.96181],[-6.81558,61.96212],[-6.81744,61.96279],[-6.81894,61.96351],[-6.8193,61.96358],[-6.81962,61.96347],[-6.81966,61.96341],[-6.81964,61.96331],[-6.81943,61.96318]],[[-6.82101,61.96608],[-6.81937,61.96478],[-6.81853,61.96419],[-6.81701,61.96329],[-6.8149,61.96225],[-6.81433,61.96192],[-6.81337,61.96127],[-6.81329,61.9611],[-6.81337,61.96103],[-6.81351,61.96098],[-6.81388,61.96101],[-6.81489,61.96181],[-6.81558,61.96212],[-6.81744,61.96279],[-6.81894,61.96351],[-6.8193,61.96358],[-6.81962,61.96347],[-6.81966,61.96341],[-6.81964,61.96331],[-6.81943,61.96318]],[[-6.82131,61.9663],[-6.82101,61.96608]],[[-6.82635,61.96947],[-6.82518,61.96871],[-6.82286,61.96734],[-6.82131,61.9663]],[[-6.82928,61.97187],[-6.82773,61.97049],[-6.82635,61.96947]],[[-6.82945,61.97205],[-6.82928,61.97187]],[[-6.83061,61.97337],[-6.83001,61.97262],[-6.82945,61.97205]],[[-6.83097,61.97386],[-6.83061,61.97337]],[[-6.83108,61.97402],[-6.83097,61.97386]],[[-6.83108,61.97402],[-6.8319,61.97407],[-6.83279,61.97449],[-6.833,61.97454],[-6.83389,61.9746],[-6.83428,61.97473],[-6.83463,61.97497],[-6.83517,61.97582],[-6.83538,61.976],[-6.83573,61.97605],[-6.83641,61.97599],[-6.83685,61.97599]],[[-6.83685,61.97599],[-6.83717,61.97604],[-6.83752,61.97616],[-6.838,61.97644],[-6.83871,61.97675],[-6.83922,61.97703]],[[-6.83922,61.97703],[-6.84099,61.978]],[[-6.84099,61.978],[-6.84119,61.97802],[-6.84209,61.97859],[-6.84337,61.97923]],[[-6.84337,61.97923],[-6.84398,61.97955]],[[-6.84398,61.97955],[-6.84432,61.97973],[-6.84484,61.97992]],[[-6.84484,61.97992],[-6.8453,61.98003]],[[-6.8453,61.98003],[-6.84696,61.98042]],[[-6.84696,61.98042],[-6.84775,61.9806]],[[-6.84775,61.9806],[-6.84832,61.98074]],[[-6.84832,61.98074],[-6.84892,61.98093],[-6.8492,61.98117]],[[-6.8492,61.98117],[-6.85087,61.98163]],[[-6.85087,61.98163],[-6.85208,61.98196]],[[-6.85208,61.98196],[-6.85305,61.98212],[-6.85551,61.98219]],[[-6.85551,61.98219],[-6.85573,61.98222]],[[-6.85573,61.98222],[-6.85576,61.98223]],[[-6.85576,61.98223],[-6.85591,61.98227]],[[-6.85591,61.98227],[-6.85627,61.98237]],[[-6.85627,61.98237],[-6.85711,61.98262]],[[-6.85711,61.98262],[-6.85721,61.98264]],[[-6.85721,61.98264],[-6.85753,61.98271]],[[-6.85753,61.98271],[-6.85763,61.98274]],[[-6.85763,61.98274],[-6.8579,61.98282]],[[-6.8579,61.98282],[-6.85831,61.98305]],[[-6.85831,61.98305],[-6.85871,61.98327]],[[-6.85871,61.98327],[-6.85879,61.98339]],[[-6.85879,61.98339],[-6.85895,61.98354],[-6.85961,61.98392]],[[-6.85961,61.98392],[-6.85987,61.98411],[-6.8599,61.98419],[-6.85989,61.9845],[-6.85981,61.98457],[-6.8596,61.98453],[-6.85958,61.98432],[-6.85953,61.98425],[-6.85924,61.98415],[-6.85899,61.98412]],[[-6.85899,61.98412],[-6.85781,61.98406]],[[-6.85781,61.98406],[-6.85742,61.98407]],[[-6.85742,61.98407],[-6.85702,61.98405],[-6.85665,61.98384],[-6.85618,61.98367],[-6.85493,61.98349]],[[-6.85493,61.98349],[-6.85426,61.98347],[-6.85391,61.98355]],[[-6.85391,61.98355],[-6.8536,61.98357],[-6.85296,61.98349],[-6.85211,61.98354],[-6.85055,61.98339],[-6.8469,61.98321],[-6.84652,61.98325],[-6.84523,61.98356],[-6.84394,61.98369]],[[-6.84394,61.98369],[-6.84319,61.98379]],[[-6.84319,61.98379],[-6.8417,61.984]],[[-6.8417,61.984],[-6.84112,61.98397],[-6.84049,61.98381],[-6.84015,61.98362],[-6.83982,61.98321],[-6.83958,61.98318],[-6.83914,61.98327]],[[-6.84461,61.98563],[-6.84323,61.98524],[-6.84173,61.98468],[-6.84061,61.98414],[-6.83914,61.98327]],[[-6.84651,61.98615],[-6.84568,61.98589],[-6.84461,61.98563]],[[-6.84415,61.99565],[-6.84545,61.99212],[-6.84574,61.99155],[-6.84616,61.99097],[-6.84666,61.99045],[-6.84812,61.98921],[-6.84838,61.98884],[-6.84853,61.98848],[-6.84856,61.98813],[-6.84849,61.98778],[-6.84833,61.98743],[-6.84812,61.98716],[-6.8478,61.98686],[-6.84742,61.98659],[-6.84651,61.98615]],[[-6.84513,61.99888],[-6.84461,61.9984],[-6.84432,61.99806],[-6.8441,61.99768],[-6.84396,61.99734],[-6.84387,61.99691],[-6.84388,61.99659],[-6.84415,61.99565]],[[-6.84577,61.99948],[-6.84513,61.99888]],[[-6.8449,62.00137],[-6.84525,62.00118],[-6.8456,62.00091],[-6.84594,62.00044],[-6.84601,62.00016],[-6.846,61.99993],[-6.84577,61.99948]],[[-6.84409,62.00166],[-6.8449,62.00137]],[[-6.84342,62.0018],[-6.84409,62.00166]],[[-6.83912,62.0014],[-6.84063,62.00174],[-6.84136,62.00186],[-6.84238,62.00189],[-6.84342,62.0018]],[[-6.83741,62.00104],[-6.83912,62.0014]],[[-6.83272,62.00024],[-6.83502,62.00059],[-6.83741,62.00104]],[[-6.83098,62.00003],[-6.83272,62.00024]],[[-6.82891,61.99978],[-6.83098,62.00003]],[[-6.82826,61.9997],[-6.82891,61.99978]],[[-6.82727,61.99956],[-6.82826,61.9997]],[[-6.82634,61.99943],[-6.82727,61.99956]],[[-6.81913,61.99874],[-6.82056,61.99872],[-6.82223,61.99881],[-6.82634,61.99943]],[[-6.81734,61.99889],[-6.81913,61.99874]],[[-6.81638,61.99902],[-6.81734,61.99889]],[[-6.81281,61.99951],[-6.81638,61.99902]],[[-6.80981,61.99993],[-6.81281,61.99951]],[[-6.80974,61.99995],[-6.80981,61.99993]],[[-6.80888,62.00006],[-6.80974,61.99995]],[[-6.80749,62.00025],[-6.80888,62.00006]],[[-6.80436,62.00071],[-6.80749,62.00025]],[[-6.80068,62.00152],[-6.80436,62.00071]],[[-6.80041,62.00158],[-6.80068,62.00152]],[[-6.79955,62.00185],[-6.80041,62.00158]],[[-6.80052,62.00243],[-6.79955,62.00185]],[[-6.80052,62.00243],[-6.79977,62.00267]],[[-6.79977,62.00267],[-6.79957,62.00272]],[[-6.79914,62.00281],[-6.79957,62.00272]],[[-6.79753,62.00314],[-6.79914,62.00281]],[[-6.79711,62.00323],[-6.79753,62.00314]],[[-6.79594,62.0035],[-6.79711,62.00323]],[[-6.79495,62.00372],[-6.79594,62.0035]],[[-6.79363,62.00404],[-6.79495,62.00372]],[[-6.79307,62.00422],[-6.79363,62.00404]],[[-6.79307,62.00422],[-6.79121,62.00489]],[[-6.79121,62.00489],[-6.78999,62.0054]],[[-6.78999,62.0054],[-6.78912,62.00579]],[[-6.78897,62.00586],[-6.78912,62.00579]],[[-6.78894,62.00588],[-6.78897,62.00586]],[[-6.78891,62.00593],[-6.78894,62.00588]],[[-6.78884,62.00595],[-6.78891,62.00593]],[[-6.78878,62.00595],[-6.78884,62.00595]],[[-6.78873,62.00598],[-6.78878,62.00595]],[[-6.78853,62.00606],[-6.78873,62.00598]],[[-6.78777,62.00639],[-6.78853,62.00606]],[[-6.78571,62.00679],[-6.78683,62.00661],[-6.78777,62.00639]],[[-6.78557,62.00684],[-6.78571,62.00679]],[[-6.78532,62.0069],[-6.78557,62.00684]],[[-6.78527,62.00691],[-6.78532,62.0069]],[[-6.78523,62.00696],[-6.78527,62.00691]],[[-6.78525,62.00698],[-6.78523,62.00696]],[[-6.78541,62.00721],[-6.78542,62.00717],[-6.78525,62.00698]],[[-6.78541,62.00721],[-6.78549,62.00729]],[[-6.78549,62.00729],[-6.78558,62.00737]],[[-6.78558,62.00737],[-6.78564,62.00742]],[[-6.78564,62.00742],[-6.7857,62.0075],[-6.78564,62.00755],[-6.78488,62.0078]],[[-6.78467,62.00787],[-6.78488,62.0078]],[[-6.7846,62.00789],[-6.78467,62.00787]],[[-6.78391,62.0081],[-6.7846,62.00789]],[[-6.78354,62.00822],[-6.78391,62.0081]],[[-6.78315,62.00834],[-6.78354,62.00822]],[[-6.78258,62.00854],[-6.78315,62.00834]],[[-6.78158,62.00887],[-6.78258,62.00854]],[[-6.78101,62.00903],[-6.78158,62.00887]],[[-6.78,62.00932],[-6.78101,62.00903]],[[-6.77968,62.00942],[-6.78,62.00932]],[[-6.7792,62.00957],[-6.77968,62.00942]],[[-6.77767,62.01008],[-6.7792,62.00957]],[[-6.77722,62.01026],[-6.77767,62.01008]],[[-6.7768,62.0105],[-6.77722,62.01026]],[[-6.77616,62.01084],[-6.7768,62.0105]],[[-6.77576,62.01095],[-6.77616,62.01084]],[[-6.77458,62.01126],[-6.77576,62.01095]],[[-6.77458,62.01126],[-6.77393,62.01071]],[[-6.77393,62.01071],[-6.77379,62.01059]],[[-6.77379,62.01059],[-6.77346,62.01027]],[[-6.77346,62.01027],[-6.77283,62.00974]],[[-6.77184,62.01014],[-6.77283,62.00974]],[[-6.77184,62.01014],[-6.77153,62.01019]]]},"properties":{"id":"kirkjubour","name":"Kirkjubøur Loop","color":"#8e5aa6"}},{"type":"Feature","id":"northern-eysturoy","geometry":{"type":"MultiLineString","coordinates":[[[-6.99754,62.20443],[-6.99744,62.20416],[-6.99715,62.20401]],[[-6.99763,62.20485],[-6.99754,62.20443]],[[-6.99768,62.20509],[-6.99763,62.20485]],[[-6.99777,62.20522],[-6.99768,62.20509]],[[-6.9982,62.20517],[-6.99777,62.20522]],[[-6.9982,62.20517],[-6.99894,62.20647]],[[-6.99894,62.20647],[-6.99909,62.20674]],[[-6.99909,62.20674],[-6.99945,62.20738]],[[-6.99945,62.20738],[-6.9997,62.20784]],[[-6.9997,62.20784],[-6.99995,62.20831]],[[-6.99995,62.20831],[-7.00017,62.20867]],[[-7.00061,62.20902],[-7.00017,62.20867]],[[-7.00067,62.20907],[-7.00061,62.20902]],[[-7.00067,62.20907],[-7.00157,62.20883]],[[-7.00157,62.20883],[-7.00189,62.20914]],[[-7.00189,62.20914],[-7.00201,62.20929]],[[-7.00201,62.20929],[-7.00212,62.20945]],[[-7.00212,62.20945],[-7.00225,62.20967],[-7.00231,62.20994]],[[-7.00231,62.20994],[-7.0023,62.21009],[-7.00222,62.21024]],[[-7.00222,62.21024],[-7.00199,62.21054]],[[-7.00199,62.21054],[-7.00185,62.2108],[-7.00191,62.21109]],[[-7.00191,62.21109],[-7.00203,62.21139]],[[-7.00203,62.21139],[-7.00214,62.21165]],[[-7.00214,62.21165],[-7.00219,62.21174]],[[-7.00219,62.21174],[-7.00227,62.21184]],[[-7.00227,62.21184],[-7.00241,62.21198]],[[-7.00241,62.21198],[-7.00253,62.21208]],[[-7.00253,62.21208],[-7.00273,62.21224]],[[-7.00273,62.21224],[-7.00287,62.21245]],[[-7.00287,62.21245],[-7.00295,62.21263]],[[-7.00295,62.21263],[-7.00298,62.21269]],[[-7.00298,62.21269],[-7.00301,62.21277]],[[-7.00301,62.21277],[-7.00302,62.2128]],[[-7.00302,62.2128],[-7.00326,62.21333]],[[-7.00326,62.21333],[-7.00328,62.21336]],[[-7.00328,62.21336],[-7.00329,62.21339]],[[-7.00329,62.21339],[-7.00335,62.2135]],[[-7.00335,62.2135],[-7.00397,62.21438]],[[-7.00397,62.21438],[-7.00429,62.21491]],[[-7.00429,62.21491],[-7.00439,62.21506]],[[-7.00439,62.21506],[-7.00469,62.21567]],[[-7.00469,62.21567],[-7.00483,62.21608]],[[-7.00483,62.21608],[-7.00485,62.21653]],[[-7.00485,62.21653],[-7.00493,62.21675],[-7.00509,62.21691]],[[-7.00509,62.21691],[-7.00553,62.21717]],[[-7.00553,62.21717],[-7.00565,62.21724]],[[-7.00565,62.21724],[-7.006,62.21743]],[[-7.006,62.21743],[-7.00614,62.2175]],[[-7.00614,62.2175],[-7.00638,62.21763]],[[-7.00638,62.21763],[-7.00654,62.21772]],[[-7.00654,62.21772],[-7.00708,62.21801]],[[-7.00708,62.21801],[-7.0072,62.21807]],[[-7.0072,62.21807],[-7.00734,62.21814]],[[-7.00734,62.21814],[-7.008,62.21833],[-7.00976,62.21865]],[[-7.00976,62.21865],[-7.01108,62.21892],[-7.01204,62.21925]],[[-7.01204,62.21925],[-7.01213,62.21929]],[[-7.01213,62.21929],[-7.01258,62.21949]],[[-7.01258,62.21949],[-7.0127,62.21954]],[[-7.0127,62.21954],[-7.01329,62.21982]],[[-7.01329,62.21982],[-7.01453,62.2206]],[[-7.01453,62.2206],[-7.01479,62.22077]],[[-7.01479,62.22077],[-7.01506,62.22096]],[[-7.01506,62.22096],[-7.01516,62.22105]],[[-7.01516,62.22105],[-7.01519,62.22107]],[[-7.01519,62.22107],[-7.01558,62.22137]],[[-7.01558,62.22137],[-7.01566,62.22141]],[[-7.01566,62.22141],[-7.01595,62.2216]],[[-7.01595,62.2216],[-7.01603,62.22165]],[[-7.01603,62.22165],[-7.0163,62.22186]],[[-7.0163,62.22186],[-7.01749,62.22271],[-7.0187,62.22401],[-7.02045,62.22535]],[[-7.02045,62.22535],[-7.02138,62.22609]],[[-7.02138,62.22609],[-7.02146,62.22616]],[[-7.02146,62.22616],[-7.02179,62.2265]],[[-7.02179,62.2265],[-7.02296,62.22757]],[[-7.02296,62.22757],[-7.02464,62.22897]],[[-7.02464,62.22897],[-7.0247,62.22902]],[[-7.0247,62.22902],[-7.02475,62.22906]],[[-7.02475,62.22906],[-7.02501,62.22926],[-7.02556,62.22957]],[[-7.02556,62.22957],[-7.02581,62.22969]],[[-7.02581,62.22969],[-7.02629,62.22999]],[[-7.02629,62.22999],[-7.02637,62.23016]],[[-7.02637,62.23016],[-7.02676,62.23107],[-7.02686,62.23121],[-7.02703,62.23132]],[[-7.02703,62.23132],[-7.02708,62.23135]],[[-7.02708,62.23135],[-7.02739,62.23153]],[[-7.02739,62.23153],[-7.02817,62.23197]],[[-7.02817,62.23197],[-7.02849,62.23217],[-7.02911,62.23269],[-7.02939,62.23286]],[[-7.02939,62.23286],[-7.02947,62.2329]],[[-7.02947,62.2329],[-7.03059,62.23341]],[[-7.03059,62.23341],[-7.03163,62.23384],[-7.03208,62.2341],[-7.03391,62.23594],[-7.03446,62.23626],[-7.03504,62.23642],[-7.03504,62.2365],[-7.03485,62.23662]],[[-7.03485,62.23662],[-7.03762,62.23798]],[[-7.03762,62.23798],[-7.03927,62.23885],[-7.04655,62.24365],[-7.04706,62.24407],[-7.04747,62.24451],[-7.04794,62.24534],[-7.04807,62.24591],[-7.0484,62.24913]],[[-7.0484,62.24913],[-7.04862,62.25115],[-7.04884,62.25176]],[[-7.04884,62.25176],[-7.04905,62.25217]],[[-7.04905,62.25217],[-7.04933,62.25249]],[[-7.04933,62.25249],[-7.05006,62.25319],[-7.05556,62.25805],[-7.05772,62.26014],[-7.05962,62.26232],[-7.05978,62.26256],[-7.06003,62.26311],[-7.06011,62.26341],[-7.06013,62.26402]],[[-7.06013,62.26402],[-7.06006,62.26493]],[[-7.06006,62.26493],[-7.06001,62.26595]],[[-7.06001,62.26595],[-7.06009,62.26659],[-7.06025,62.26706],[-7.06179,62.27073]],[[-7.06179,62.27073],[-7.06206,62.27135]],[[-7.06206,62.27135],[-7.06231,62.27185]],[[-7.06231,62.27185],[-7.06282,62.27244]],[[-7.06282,62.27244],[-7.06336,62.27286]],[[-7.06336,62.27286],[-7.06438,62.2736]],[[-7.06438,62.2736],[-7.06585,62.27501],[-7.06624,62.27546],[-7.06642,62.27581],[-7.06652,62.27651]],[[-7.06652,62.27651],[-7.0666,62.27717],[-7.06675,62.27763],[-7.06702,62.27816],[-7.06765,62.27919],[-7.06796,62.27961],[-7.07006,62.28183],[-7.07101,62.28255],[-7.07432,62.28446],[-7.0752,62.28514],[-7.07565,62.28559]],[[-7.07565,62.28559],[-7.07596,62.28602],[-7.07623,62.28653],[-7.07643,62.2871],[-7.07648,62.28758],[-7.07643,62.28794],[-7.07624,62.28835],[-7.07541,62.28933]],[[-7.07541,62.28933],[-7.07514,62.28981],[-7.07505,62.29019],[-7.07509,62.29061],[-7.07527,62.29102],[-7.07602,62.29228],[-7.07764,62.29354]],[[-7.07764,62.29354],[-7.07945,62.29487],[-7.07986,62.29524],[-7.08007,62.29553]],[[-7.08007,62.29553],[-7.08031,62.29585],[-7.08052,62.29603],[-7.08099,62.29635],[-7.08144,62.29657]],[[-7.08144,62.29657],[-7.08243,62.29707]],[[-7.08243,62.29707],[-7.08323,62.29767],[-7.08386,62.29788]],[[-7.08386,62.29788],[-7.08464,62.29813],[-7.08559,62.29852],[-7.08583,62.29867]],[[-7.08583,62.29867],[-7.08597,62.2988],[-7.08613,62.29922],[-7.08642,62.29936],[-7.08686,62.29937],[-7.08785,62.29914]],[[-7.08785,62.29914],[-7.08886,62.29902],[-7.08999,62.29903]],[[-7.08999,62.29903],[-7.09015,62.29904]],[[-7.09015,62.29904],[-7.09118,62.29914]],[[-7.09118,62.29914],[-7.09158,62.29918]],[[-7.09158,62.29918],[-7.09196,62.29931]],[[-7.09186,62.2995],[-7.09196,62.29931]],[[-7.09161,62.2997],[-7.09186,62.2995]],[[-7.09161,62.2997],[-7.09186,62.2995]],[[-7.09186,62.2995],[-7.09196,62.29931]],[[-7.09158,62.29918],[-7.09196,62.29931]],[[-7.09118,62.29914],[-7.09158,62.29918]],[[-7.09015,62.29904],[-7.09118,62.29914]],[[-7.08999,62.29903],[-7.09015,62.29904]],[[-7.08785,62.29914],[-7.08886,62.29902],[-7.08999,62.29903]],[[-7.08583,62.29867],[-7.08597,62.2988],[-7.08613,62.29922],[-7.08642,62.29936],[-7.08686,62.29937],[-7.08785,62.29914]],[[-7.08386,62.29788],[-7.08464,62.29813],[-7.08559,62.29852],[-7.08583,62.29867]],[[-7.08386,62.29788],[-7.08377,62.29796],[-7.08376,62.29806]],[[-7.08376,62.29806],[-7.08385,62.29822],[-7.08388,62.29845],[-7.08382,62.29887]],[[-7.08382,62.29887],[-7.08379,62.299]],[[-7.08379,62.299],[-7.08378,62.29909],[-7.08391,62.29942],[-7.0839,62.29971],[-7.08382,62.30019],[-7.08359,62.30079]],[[-7.08359,62.30079],[-7.0835,62.30103],[-7.08332,62.30131],[-7.08276,62.30179],[-7.0811,62.30298],[-7.07988,62.30369],[-7.07922,62.30391],[-7.0779,62.30409],[-7.0763,62.30459],[-7.07488,62.30473],[-7.07315,62.30464],[-7.07265,62.30449],[-7.07054,62.30371]],[[-7.07054,62.30371],[-7.07037,62.30364]],[[-7.07037,62.30364],[-7.06976,62.30348],[-7.0686,62.30333],[-7.06676,62.30327]],[[-7.06676,62.30327],[-7.06612,62.30327]],[[-7.06612,62.30327],[-7.06306,62.30308]],[[-7.06306,62.30308],[-7.06212,62.30321],[-7.05993,62.30392],[-7.05925,62.30405],[-7.05868,62.30408],[-7.05804,62.30404],[-7.05738,62.30391],[-7.05674,62.30366]],[[-7.05674,62.30366],[-7.05622,62.30331],[-7.05524,62.3025],[-7.05495,62.30238]],[[-7.05495,62.30238],[-7.05477,62.30235]],[[-7.05477,62.30235],[-7.05285,62.30224],[-7.05097,62.3024],[-7.05035,62.30224],[-7.05021,62.30213],[-7.05013,62.30199],[-7.05012,62.30189],[-7.05053,62.30001]],[[-7.05053,62.30001],[-7.05054,62.29994]],[[-7.05054,62.29994],[-7.05057,62.29974],[-7.0505,62.29951],[-7.04858,62.29662],[-7.04829,62.29636],[-7.04758,62.29609]],[[-7.04758,62.29609],[-7.04539,62.29587],[-7.04499,62.29578],[-7.04447,62.29559],[-7.04391,62.29526],[-7.04374,62.29509],[-7.04365,62.29491],[-7.04349,62.29431],[-7.04333,62.29394],[-7.04236,62.2927],[-7.04223,62.29246],[-7.04191,62.2916]],[[-7.04191,62.2916],[-7.0416,62.29078]],[[-7.0416,62.29078],[-7.04132,62.2903],[-7.04082,62.28992],[-7.03629,62.28776],[-7.03155,62.28565],[-7.03122,62.28561],[-7.03111,62.28571],[-7.03201,62.28637],[-7.03205,62.28645],[-7.032,62.28651],[-7.03168,62.28648],[-7.03067,62.28608],[-7.02844,62.28567],[-7.02773,62.28546],[-7.02692,62.28508],[-7.02461,62.28372],[-7.02414,62.28355],[-7.02341,62.28343]],[[-7.02341,62.28343],[-7.02115,62.28334],[-7.02057,62.28335],[-7.0195,62.28348],[-7.01779,62.28386],[-7.01202,62.28538],[-7.01132,62.28552],[-7.0104,62.28559],[-7.00675,62.28551]],[[-7.00675,62.28551],[-7.00531,62.28547]],[[-7.00531,62.28547],[-7.00021,62.28534]],[[-7.00021,62.28534],[-6.99995,62.28531],[-6.99986,62.28521],[-6.99998,62.28513],[-7.00179,62.28479],[-7.00224,62.2846],[-7.00251,62.2844]],[[-7.00251,62.2844],[-7.00339,62.28355],[-7.0034,62.28342],[-7.00324,62.28336],[-7.00296,62.28337],[-6.99968,62.28417],[-6.9986,62.28435]],[[-6.9986,62.28435],[-6.99611,62.2849],[-6.99535,62.28521],[-6.99472,62.28563],[-6.99285,62.28754],[-6.99215,62.28804],[-6.98834,62.28955]],[[-6.98834,62.28955],[-6.98574,62.29055],[-6.98421,62.29137],[-6.98363,62.29184],[-6.98352,62.29209],[-6.98331,62.2929],[-6.98309,62.29327],[-6.98269,62.29361],[-6.98231,62.2938],[-6.98037,62.2945],[-6.97626,62.29577],[-6.97199,62.29691],[-6.97194,62.29699],[-6.97207,62.29703],[-6.97315,62.29687],[-6.97329,62.29689],[-6.97333,62.29695],[-6.97316,62.29704],[-6.97117,62.29771],[-6.97051,62.29819]],[[-6.97051,62.29819],[-6.9698,62.29878],[-6.96939,62.29904],[-6.96706,62.30014],[-6.9656,62.3013],[-6.96527,62.30166],[-6.96474,62.30255],[-6.96475,62.30421],[-6.96434,62.30618],[-6.96422,62.30658],[-6.96397,62.30699],[-6.96282,62.30845],[-6.96103,62.31146],[-6.96081,62.31196],[-6.96074,62.31235],[-6.96043,62.31322],[-6.95929,62.315],[-6.95859,62.31622],[-6.95688,62.31945],[-6.95664,62.31983],[-6.95639,62.3201]],[[-6.95639,62.3201],[-6.95495,62.32117],[-6.95333,62.32202]],[[-6.95333,62.32202],[-6.9523,62.32278],[-6.95161,62.32318],[-6.95114,62.32337],[-6.95047,62.32354]],[[-6.95047,62.32354],[-6.94994,62.32367]],[[-6.94994,62.32367],[-6.94954,62.32379]],[[-6.94954,62.32379],[-6.94834,62.32448],[-6.94769,62.32467]],[[-6.94769,62.32467],[-6.94741,62.32474]],[[-6.94741,62.32474],[-6.94715,62.3248]],[[-6.94715,62.3248],[-6.94705,62.32482]],[[-6.94705,62.32482],[-6.94693,62.32485]],[[-6.94693,62.32485],[-6.94662,62.32491]],[[-6.94662,62.32491],[-6.94618,62.32496]],[[-6.94618,62.32496],[-6.94522,62.3251]],[[-6.94522,62.3251],[-6.94482,62.32515]],[[-6.94482,62.32515],[-6.94435,62.3252]],[[-6.94435,62.3252],[-6.94399,62.3252]],[[-6.94399,62.3252],[-6.94351,62.3252]],[[-6.94349,62.32525],[-6.94351,62.3252]],[[-6.94349,62.32534],[-6.94349,62.32525]],[[-6.94349,62.32534],[-6.94354,62.32547]],[[-6.94354,62.32547],[-6.94355,62.32549]],[[-6.94354,62.32547],[-6.94355,62.32549]],[[-6.94349,62.32534],[-6.94354,62.32547]],[[-6.94349,62.32534],[-6.94349,62.32525]],[[-6.94349,62.32525],[-6.94351,62.3252]],[[-6.94399,62.3252],[-6.94351,62.3252]],[[-6.94435,62.3252],[-6.94399,62.3252]],[[-6.94482,62.32515],[-6.94435,62.3252]],[[-6.94522,62.3251],[-6.94482,62.32515]],[[-6.94618,62.32496],[-6.94522,62.3251]],[[-6.94662,62.32491],[-6.94618,62.32496]],[[-6.94693,62.32485],[-6.94662,62.32491]],[[-6.94705,62.32482],[-6.94693,62.32485]],[[-6.94715,62.3248],[-6.94705,62.32482]],[[-6.94741,62.32474],[-6.94715,62.3248]],[[-6.94769,62.32467],[-6.94741,62.32474]],[[-6.94954,62.32379],[-6.94834,62.32448],[-6.94769,62.32467]],[[-6.94994,62.32367],[-6.94954,62.32379]],[[-6.95047,62.32354],[-6.94994,62.32367]],[[-6.95333,62.32202],[-6.9523,62.32278],[-6.95161,62.32318],[-6.95114,62.32337],[-6.95047,62.32354]],[[-6.95639,62.3201],[-6.95495,62.32117],[-6.95333,62.32202]],[[-6.97051,62.29819],[-6.9698,62.29878],[-6.96939,62.29904],[-6.96706,62.30014],[-6.9656,62.3013],[-6.96527,62.30166],[-6.96474,62.30255],[-6.96475,62.30421],[-6.96434,62.30618],[-6.96422,62.30658],[-6.96397,62.30699],[-6.96282,62.30845],[-6.96103,62.31146],[-6.96081,62.31196],[-6.96074,62.31235],[-6.96043,62.31322],[-6.95929,62.315],[-6.95859,62.31622],[-6.95688,62.31945],[-6.95664,62.31983],[-6.95639,62.3201]],[[-6.98834,62.28955],[-6.98574,62.29055],[-6.98421,62.29137],[-6.98363,62.29184],[-6.98352,62.29209],[-6.98331,62.2929],[-6.98309,62.29327],[-6.98269,62.29361],[-6.98231,62.2938],[-6.98037,62.2945],[-6.97626,62.29577],[-6.97199,62.29691],[-6.97194,62.29699],[-6.97207,62.29703],[-6.97315,62.29687],[-6.97329,62.29689],[-6.97333,62.29695],[-6.97316,62.29704],[-6.97117,62.29771],[-6.97051,62.29819]],[[-6.98834,62.28955],[-6.98828,62.28948],[-6.98835,62.28942],[-6.98908,62.28912],[-6.98941,62.2889],[-6.99007,62.28834],[-6.99031,62.28807],[-6.99102,62.2858],[-6.99104,62.28501],[-6.99099,62.28482],[-6.99082,62.28465],[-6.99034,62.28448],[-6.98994,62.28448],[-6.98781,62.28468]],[[-6.98781,62.28468],[-6.9869,62.28478],[-6.98599,62.28494],[-6.98284,62.28563],[-6.98264,62.28568],[-6.98256,62.28576],[-6.98267,62.28584],[-6.98316,62.28587]],[[-6.98316,62.28587],[-6.98662,62.28591],[-6.98683,62.28598],[-6.98675,62.28607],[-6.98652,62.28613],[-6.98253,62.28675],[-6.9816,62.28676],[-6.98096,62.28672],[-6.97987,62.28648]],[[-6.97987,62.28648],[-6.97616,62.28503],[-6.97592,62.28502]],[[-6.97592,62.28502],[-6.97589,62.2851],[-6.97596,62.28516],[-6.97699,62.28562],[-6.97835,62.28681]],[[-6.97835,62.28681],[-6.97908,62.2874],[-6.98006,62.28796],[-6.98008,62.28805],[-6.97995,62.2881],[-6.97977,62.28808],[-6.97565,62.28673]],[[-6.97565,62.28673],[-6.97342,62.28602],[-6.97248,62.28579],[-6.9668,62.28512],[-6.96468,62.28468]],[[-6.96557,62.28505],[-6.9647,62.28479],[-6.96464,62.28475],[-6.96468,62.28468]],[[-6.96894,62.28663],[-6.96891,62.28645],[-6.96879,62.28634],[-6.96772,62.28572],[-6.96736,62.28558],[-6.96557,62.28505]],[[-6.96884,62.28681],[-6.96894,62.28663]],[[-6.96876,62.28701],[-6.96884,62.28681]],[[-6.96874,62.28704],[-6.96876,62.28701]],[[-6.9687,62.28712],[-6.96874,62.28704]],[[-6.96861,62.2872],[-6.9687,62.28712]],[[-6.96856,62.28724],[-6.96861,62.2872]],[[-6.96838,62.28732],[-6.96856,62.28724]],[[-6.96811,62.28729],[-6.96838,62.28732]],[[-6.96783,62.28726],[-6.96811,62.28729]],[[-6.96753,62.28722],[-6.96783,62.28726]],[[-6.96716,62.28719],[-6.96753,62.28722]],[[-6.96707,62.28718],[-6.96716,62.28719]],[[-6.96673,62.28716],[-6.96707,62.28718]],[[-6.96655,62.28714],[-6.96673,62.28716]],[[-6.96655,62.28714],[-6.96673,62.28716]],[[-6.96673,62.28716],[-6.96707,62.28718]],[[-6.96707,62.28718],[-6.96716,62.28719]],[[-6.96716,62.28719],[-6.96753,62.28722]],[[-6.96753,62.28722],[-6.96783,62.28726]],[[-6.96783,62.28726],[-6.96811,62.28729]],[[-6.96811,62.28729],[-6.96838,62.28732]],[[-6.96838,62.28732],[-6.96856,62.28724]],[[-6.96856,62.28724],[-6.96861,62.2872]],[[-6.96861,62.2872],[-6.9687,62.28712]],[[-6.9687,62.28712],[-6.96874,62.28704]],[[-6.96874,62.28704],[-6.96876,62.28701]],[[-6.96876,62.28701],[-6.96884,62.28681]],[[-6.96884,62.28681],[-6.96894,62.28663]],[[-6.96894,62.28663],[-6.96891,62.28645],[-6.96879,62.28634],[-6.96772,62.28572],[-6.96736,62.28558],[-6.96557,62.28505]],[[-6.96557,62.28505],[-6.9647,62.28479],[-6.96464,62.28475],[-6.96468,62.28468]],[[-6.96468,62.28468],[-6.96412,62.28454],[-6.96352,62.28431]],[[-6.96352,62.28431],[-6.96311,62.28412]],[[-6.96311,62.28412],[-6.96201,62.2836],[-6.96113,62.28307],[-6.96046,62.28253],[-6.95938,62.28144],[-6.95874,62.28074],[-6.95792,62.27971],[-6.95488,62.27575],[-6.9545,62.27509],[-6.95429,62.27448],[-6.95421,62.27392],[-6.95427,62.27345],[-6.95442,62.27309],[-6.95481,62.27258],[-6.95516,62.27226],[-6.95684,62.27124]],[[-6.95684,62.27124],[-6.95692,62.27117]],[[-6.95692,62.27117],[-6.96089,62.26806],[-6.96191,62.26707],[-6.96258,62.26621],[-6.96311,62.26529],[-6.96351,62.26414],[-6.9636,62.26361],[-6.96362,62.26288],[-6.96351,62.26221],[-6.9634,62.26187]],[[-6.9634,62.26187],[-6.96311,62.26099],[-6.96319,62.26068],[-6.9634,62.26047]],[[-6.9634,62.26047],[-6.96356,62.26035]],[[-6.96356,62.26035],[-6.96365,62.26025],[-6.96372,62.26004],[-6.96373,62.25993],[-6.96363,62.25969],[-6.9631,62.2591],[-6.96237,62.25794],[-6.96189,62.25728],[-6.96163,62.25701],[-6.96071,62.25646],[-6.95987,62.25564]],[[-6.95987,62.25564],[-6.9598,62.25556]],[[-6.9598,62.25556],[-6.95922,62.25493]],[[-6.95922,62.25493],[-6.95878,62.25448]],[[-6.95878,62.25448],[-6.95836,62.25402],[-6.95786,62.25334],[-6.9575,62.25268],[-6.95699,62.25136],[-6.95652,62.25055],[-6.9558,62.24965],[-6.95345,62.24689],[-6.95277,62.24621],[-6.95214,62.24567]],[[-6.95214,62.24567],[-6.94955,62.24359],[-6.94895,62.243],[-6.9484,62.24232],[-6.94788,62.24191],[-6.94655,62.24111],[-6.94415,62.23979],[-6.94289,62.23886],[-6.94157,62.23822],[-6.93969,62.23686],[-6.93892,62.23649],[-6.93745,62.23609],[-6.9367,62.23583],[-6.93312,62.23423]],[[-6.93312,62.23423],[-6.93239,62.23396],[-6.93185,62.23391],[-6.9315,62.23395]],[[-6.9315,62.23395],[-6.93136,62.23397]],[[-6.93136,62.23397],[-6.93072,62.23415]],[[-6.93072,62.23415],[-6.92975,62.23443]],[[-6.92975,62.23443],[-6.93042,62.23506]],[[-6.93042,62.23506],[-6.9305,62.23512]],[[-6.9305,62.23512],[-6.93064,62.23523]],[[-6.93064,62.23523],[-6.93139,62.2358],[-6.93166,62.23613]],[[-6.93166,62.23613],[-6.93176,62.23635],[-6.93175,62.23658]],[[-6.93166,62.23613],[-6.93176,62.23635],[-6.93175,62.23658]],[[-6.93064,62.23523],[-6.93139,62.2358],[-6.93166,62.23613]],[[-6.9305,62.23512],[-6.93064,62.23523]],[[-6.93042,62.23506],[-6.9305,62.23512]],[[-6.92975,62.23443],[-6.93042,62.23506]],[[-6.92937,62.23398],[-6.92975,62.23443]],[[-6.92901,62.23354],[-6.92937,62.23398]],[[-6.92867,62.23315],[-6.92901,62.23354]],[[-6.92849,62.23292],[-6.92867,62.23315]],[[-6.92759,62.23155],[-6.92796,62.23221],[-6.92849,62.23292]],[[-6.9272,62.2309],[-6.92759,62.23155]],[[-6.91535,62.22266],[-6.91817,62.22363],[-6.91951,62.22421],[-6.92202,62.22557],[-6.92345,62.2264],[-6.92514,62.22794],[-6.92594,62.2288],[-6.9272,62.2309]],[[-6.91398,62.22204],[-6.91535,62.22266]],[[-6.90628,62.2187],[-6.90636,62.21904],[-6.90653,62.2192],[-6.91219,62.22124],[-6.91398,62.22204]],[[-6.90628,62.2187],[-6.90305,62.21873],[-6.89939,62.21891]],[[-6.89939,62.21891],[-6.8991,62.21894]],[[-6.8991,62.21894],[-6.89542,62.21931]],[[-6.89542,62.21931],[-6.89106,62.21986],[-6.8884,62.2201]],[[-6.8884,62.2201],[-6.88503,62.22028],[-6.88259,62.2203],[-6.88156,62.22026]],[[-6.88156,62.22026],[-6.88094,62.22023]],[[-6.88094,62.22023],[-6.87914,62.22004],[-6.8783,62.21991],[-6.87659,62.2195],[-6.87588,62.21927],[-6.86986,62.21698],[-6.86908,62.21667],[-6.86795,62.21615],[-6.8671,62.21563],[-6.86643,62.21508],[-6.86317,62.21097]],[[-6.86317,62.21097],[-6.86137,62.20872]],[[-6.86137,62.20872],[-6.86051,62.20768],[-6.85969,62.20685],[-6.85647,62.20412]],[[-6.85647,62.20412],[-6.85541,62.20311],[-6.8537,62.20118]],[[-6.8537,62.20118],[-6.85345,62.20088]],[[-6.85345,62.20088],[-6.85302,62.2004]],[[-6.85302,62.2004],[-6.85348,62.2003]],[[-6.85348,62.2003],[-6.85412,62.20011]],[[-6.85412,62.20011],[-6.85443,62.19991],[-6.85472,62.1996]],[[-6.85472,62.1996],[-6.85493,62.19932]],[[-6.85493,62.19932],[-6.85504,62.19917]],[[-6.85504,62.19917],[-6.85513,62.19906]],[[-6.85513,62.19906],[-6.85533,62.1988]],[[-6.85533,62.1988],[-6.85538,62.19873]],[[-6.85538,62.19873],[-6.85558,62.19847]],[[-6.85558,62.19847],[-6.85647,62.19729]],[[-6.85647,62.19729],[-6.85661,62.19708]],[[-6.85661,62.19708],[-6.85665,62.19698]],[[-6.85665,62.19698],[-6.85668,62.19679]],[[-6.85668,62.19679],[-6.85664,62.19651]],[[-6.85664,62.19651],[-6.85642,62.19615],[-6.85563,62.19532]],[[-6.85563,62.19532],[-6.85556,62.19525]],[[-6.85556,62.19525],[-6.85594,62.19514]],[[-6.85594,62.19514],[-6.85607,62.19509]],[[-6.85607,62.19509],[-6.85625,62.19503]],[[-6.85625,62.19503],[-6.85673,62.19486]],[[-6.85673,62.19486],[-6.85707,62.19509]],[[-6.85707,62.19509],[-6.85711,62.19513]],[[-6.85711,62.19513],[-6.85718,62.19519]],[[-6.85718,62.19519],[-6.85741,62.1954]],[[-6.85741,62.1954],[-6.85751,62.19549]],[[-6.85751,62.19549],[-6.85774,62.19571]],[[-6.85751,62.19549],[-6.85774,62.19571]],[[-6.85741,62.1954],[-6.85751,62.19549]],[[-6.85718,62.19519],[-6.85741,62.1954]],[[-6.85711,62.19513],[-6.85718,62.19519]],[[-6.85707,62.19509],[-6.85711,62.19513]],[[-6.85673,62.19486],[-6.85707,62.19509]],[[-6.85625,62.19503],[-6.85673,62.19486]],[[-6.85607,62.19509],[-6.85625,62.19503]],[[-6.85594,62.19514],[-6.85607,62.19509]],[[-6.85556,62.19525],[-6.85594,62.19514]],[[-6.85563,62.19532],[-6.85556,62.19525]],[[-6.85664,62.19651],[-6.85642,62.19615],[-6.85563,62.19532]],[[-6.85668,62.19679],[-6.85664,62.19651]],[[-6.85665,62.19698],[-6.85668,62.19679]],[[-6.85661,62.19708],[-6.85665,62.19698]],[[-6.85647,62.19729],[-6.85661,62.19708]],[[-6.85558,62.19847],[-6.85647,62.19729]],[[-6.85538,62.19873],[-6.85558,62.19847]],[[-6.85533,62.1988],[-6.85538,62.19873]],[[-6.85513,62.19906],[-6.85533,62.1988]],[[-6.85504,62.19917],[-6.85513,62.19906]],[[-6.85493,62.19932],[-6.85504,62.19917]],[[-6.85472,62.1996],[-6.85493,62.19932]],[[-6.85412,62.20011],[-6.85443,62.19991],[-6.85472,62.1996]],[[-6.85348,62.2003],[-6.85412,62.20011]],[[-6.85302,62.2004],[-6.85348,62.2003]],[[-6.85345,62.20088],[-6.85302,62.2004]],[[-6.8537,62.20118],[-6.85345,62.20088]],[[-6.85647,62.20412],[-6.85541,62.20311],[-6.8537,62.20118]],[[-6.86137,62.20872],[-6.86051,62.20768],[-6.85969,62.20685],[-6.85647,62.20412]],[[-6.86317,62.21097],[-6.86137,62.20872]],[[-6.88094,62.22023],[-6.87914,62.22004],[-6.8783,62.21991],[-6.87659,62.2195],[-6.87588,62.21927],[-6.86986,62.21698],[-6.86908,62.21667],[-6.86795,62.21615],[-6.8671,62.21563],[-6.86643,62.21508],[-6.86317,62.21097]],[[-6.88156,62.22026],[-6.88094,62.22023]],[[-6.8884,62.2201],[-6.88503,62.22028],[-6.88259,62.2203],[-6.88156,62.22026]],[[-6.89542,62.21931],[-6.89106,62.21986],[-6.8884,62.2201]],[[-6.8991,62.21894],[-6.89542,62.21931]],[[-6.89939,62.21891],[-6.8991,62.21894]],[[-6.90628,62.2187],[-6.90305,62.21873],[-6.89939,62.21891]],[[-6.90628,62.2187],[-6.90636,62.21904],[-6.90653,62.2192],[-6.91219,62.22124],[-6.91398,62.22204]],[[-6.91398,62.22204],[-6.91535,62.22266]],[[-6.91535,62.22266],[-6.91817,62.22363],[-6.91951,62.22421],[-6.92202,62.22557],[-6.92345,62.2264],[-6.92514,62.22794],[-6.92594,62.2288],[-6.9272,62.2309]],[[-6.9272,62.2309],[-6.92759,62.23155]],[[-6.92759,62.23155],[-6.92796,62.23221],[-6.92849,62.23292]],[[-6.92849,62.23292],[-6.92867,62.23315]],[[-6.92867,62.23315],[-6.92901,62.23354]],[[-6.92901,62.23354],[-6.92937,62.23398]],[[-6.92937,62.23398],[-6.92975,62.23443]],[[-6.93072,62.23415],[-6.92975,62.23443]],[[-6.93136,62.23397],[-6.93072,62.23415]],[[-6.9315,62.23395],[-6.93136,62.23397]],[[-6.93312,62.23423],[-6.93239,62.23396],[-6.93185,62.23391],[-6.9315,62.23395]],[[-6.95214,62.24567],[-6.94955,62.24359],[-6.94895,62.243],[-6.9484,62.24232],[-6.94788,62.24191],[-6.94655,62.24111],[-6.94415,62.23979],[-6.94289,62.23886],[-6.94157,62.23822],[-6.93969,62.23686],[-6.93892,62.23649],[-6.93745,62.23609],[-6.9367,62.23583],[-6.93312,62.23423]],[[-6.95878,62.25448],[-6.95836,62.25402],[-6.95786,62.25334],[-6.9575,62.25268],[-6.95699,62.25136],[-6.95652,62.25055],[-6.9558,62.24965],[-6.95345,62.24689],[-6.95277,62.24621],[-6.95214,62.24567]],[[-6.95922,62.25493],[-6.95878,62.25448]],[[-6.9598,62.25556],[-6.95922,62.25493]],[[-6.95987,62.25564],[-6.9598,62.25556]],[[-6.96356,62.26035],[-6.96365,62.26025],[-6.96372,62.26004],[-6.96373,62.25993],[-6.96363,62.25969],[-6.9631,62.2591],[-6.96237,62.25794],[-6.96189,62.25728],[-6.96163,62.25701],[-6.96071,62.25646],[-6.95987,62.25564]],[[-6.9634,62.26047],[-6.96356,62.26035]],[[-6.9634,62.26187],[-6.96311,62.26099],[-6.96319,62.26068],[-6.9634,62.26047]],[[-6.95692,62.27117],[-6.96089,62.26806],[-6.96191,62.26707],[-6.96258,62.26621],[-6.96311,62.26529],[-6.96351,62.26414],[-6.9636,62.26361],[-6.96362,62.26288],[-6.96351,62.26221],[-6.9634,62.26187]],[[-6.95684,62.27124],[-6.95692,62.27117]],[[-6.96311,62.28412],[-6.96201,62.2836],[-6.96113,62.28307],[-6.96046,62.28253],[-6.95938,62.28144],[-6.95874,62.28074],[-6.95792,62.27971],[-6.95488,62.27575],[-6.9545,62.27509],[-6.95429,62.27448],[-6.95421,62.27392],[-6.95427,62.27345],[-6.95442,62.27309],[-6.95481,62.27258],[-6.95516,62.27226],[-6.95684,62.27124]],[[-6.96352,62.28431],[-6.96311,62.28412]],[[-6.96468,62.28468],[-6.96412,62.28454],[-6.96352,62.28431]],[[-6.97565,62.28673],[-6.97342,62.28602],[-6.97248,62.28579],[-6.9668,62.28512],[-6.96468,62.28468]],[[-6.97835,62.28681],[-6.97908,62.2874],[-6.98006,62.28796],[-6.98008,62.28805],[-6.97995,62.2881],[-6.97977,62.28808],[-6.97565,62.28673]],[[-6.97592,62.28502],[-6.97589,62.2851],[-6.97596,62.28516],[-6.97699,62.28562],[-6.97835,62.28681]],[[-6.97987,62.28648],[-6.97616,62.28503],[-6.97592,62.28502]],[[-6.98316,62.28587],[-6.98662,62.28591],[-6.98683,62.28598],[-6.98675,62.28607],[-6.98652,62.28613],[-6.98253,62.28675],[-6.9816,62.28676],[-6.98096,62.28672],[-6.97987,62.28648]],[[-6.98781,62.28468],[-6.9869,62.28478],[-6.98599,62.28494],[-6.98284,62.28563],[-6.98264,62.28568],[-6.98256,62.28576],[-6.98267,62.28584],[-6.98316,62.28587]],[[-6.98834,62.28955],[-6.98828,62.28948],[-6.98835,62.28942],[-6.98908,62.28912],[-6.98941,62.2889],[-6.99007,62.28834],[-6.99031,62.28807],[-6.99102,62.2858],[-6.99104,62.28501],[-6.99099,62.28482],[-6.99082,62.28465],[-6.99034,62.28448],[-6.98994,62.28448],[-6.98781,62.28468]],[[-6.9986,62.28435],[-6.99611,62.2849],[-6.99535,62.28521],[-6.99472,62.28563],[-6.99285,62.28754],[-6.99215,62.28804],[-6.98834,62.28955]],[[-7.00251,62.2844],[-7.00339,62.28355],[-7.0034,62.28342],[-7.00324,62.28336],[-7.00296,62.28337],[-6.99968,62.28417],[-6.9986,62.28435]],[[-7.00021,62.28534],[-6.99995,62.28531],[-6.99986,62.28521],[-6.99998,62.28513],[-7.00179,62.28479],[-7.00224,62.2846],[-7.00251,62.2844]],[[-7.00531,62.28547],[-7.00021,62.28534]],[[-7.00675,62.28551],[-7.00531,62.28547]],[[-7.02341,62.28343],[-7.02115,62.28334],[-7.02057,62.28335],[-7.0195,62.28348],[-7.01779,62.28386],[-7.01202,62.28538],[-7.01132,62.28552],[-7.0104,62.28559],[-7.00675,62.28551]],[[-7.0416,62.29078],[-7.04132,62.2903],[-7.04082,62.28992],[-7.03629,62.28776],[-7.03155,62.28565],[-7.03122,62.28561],[-7.03111,62.28571],[-7.03201,62.28637],[-7.03205,62.28645],[-7.032,62.28651],[-7.03168,62.28648],[-7.03067,62.28608],[-7.02844,62.28567],[-7.02773,62.28546],[-7.02692,62.28508],[-7.02461,62.28372],[-7.02414,62.28355],[-7.02341,62.28343]],[[-7.04191,62.2916],[-7.0416,62.29078]],[[-7.04758,62.29609],[-7.04539,62.29587],[-7.04499,62.29578],[-7.04447,62.29559],[-7.04391,62.29526],[-7.04374,62.29509],[-7.04365,62.29491],[-7.04349,62.29431],[-7.04333,62.29394],[-7.04236,62.2927],[-7.04223,62.29246],[-7.04191,62.2916]],[[-7.05054,62.29994],[-7.05057,62.29974],[-7.0505,62.29951],[-7.04858,62.29662],[-7.04829,62.29636],[-7.04758,62.29609]],[[-7.05053,62.30001],[-7.05054,62.29994]],[[-7.05477,62.30235],[-7.05285,62.30224],[-7.05097,62.3024],[-7.05035,62.30224],[-7.05021,62.30213],[-7.05013,62.30199],[-7.05012,62.30189],[-7.05053,62.30001]],[[-7.05495,62.30238],[-7.05477,62.30235]],[[-7.05674,62.30366],[-7.05622,62.30331],[-7.05524,62.3025],[-7.05495,62.30238]],[[-7.06306,62.30308],[-7.06212,62.30321],[-7.05993,62.30392],[-7.05925,62.30405],[-7.05868,62.30408],[-7.05804,62.30404],[-7.05738,62.30391],[-7.05674,62.30366]],[[-7.06612,62.30327],[-7.06306,62.30308]],[[-7.06676,62.30327],[-7.06612,62.30327]],[[-7.07037,62.30364],[-7.06976,62.30348],[-7.0686,62.30333],[-7.06676,62.30327]],[[-7.07054,62.30371],[-7.07037,62.30364]],[[-7.08359,62.30079],[-7.0835,62.30103],[-7.08332,62.30131],[-7.08276,62.30179],[-7.0811,62.30298],[-7.07988,62.30369],[-7.07922,62.30391],[-7.0779,62.30409],[-7.0763,62.30459],[-7.07488,62.30473],[-7.07315,62.30464],[-7.07265,62.30449],[-7.07054,62.30371]],[[-7.08379,62.299],[-7.08378,62.29909],[-7.08391,62.29942],[-7.0839,62.29971],[-7.08382,62.30019],[-7.08359,62.30079]],[[-7.08382,62.29887],[-7.08379,62.299]],[[-7.08376,62.29806],[-7.08385,62.29822],[-7.08388,62.29845],[-7.08382,62.29887]],[[-7.08386,62.29788],[-7.08377,62.29796],[-7.08376,62.29806]],[[-7.08243,62.29707],[-7.08323,62.29767],[-7.08386,62.29788]],[[-7.08144,62.29657],[-7.08243,62.29707]],[[-7.08007,62.29553],[-7.08031,62.29585],[-7.08052,62.29603],[-7.08099,62.29635],[-7.08144,62.29657]],[[-7.07764,62.29354],[-7.07945,62.29487],[-7.07986,62.29524],[-7.08007,62.29553]],[[-7.07541,62.28933],[-7.07514,62.28981],[-7.07505,62.29019],[-7.07509,62.29061],[-7.07527,62.29102],[-7.07602,62.29228],[-7.07764,62.29354]],[[-7.07565,62.28559],[-7.07596,62.28602],[-7.07623,62.28653],[-7.07643,62.2871],[-7.07648,62.28758],[-7.07643,62.28794],[-7.07624,62.28835],[-7.07541,62.28933]],[[-7.06652,62.27651],[-7.0666,62.27717],[-7.06675,62.27763],[-7.06702,62.27816],[-7.06765,62.27919],[-7.06796,62.27961],[-7.07006,62.28183],[-7.07101,62.28255],[-7.07432,62.28446],[-7.0752,62.28514],[-7.07565,62.28559]],[[-7.06438,62.2736],[-7.06585,62.27501],[-7.06624,62.27546],[-7.06642,62.27581],[-7.06652,62.27651]],[[-7.06336,62.27286],[-7.06438,62.2736]],[[-7.06282,62.27244],[-7.06336,62.27286]],[[-7.06231,62.27185],[-7.06282,62.27244]],[[-7.06206,62.27135],[-7.06231,62.27185]],[[-7.06179,62.27073],[-7.06206,62.27135]],[[-7.06001,62.26595],[-7.06009,62.26659],[-7.06025,62.26706],[-7.06179,62.27073]],[[-7.06006,62.26493],[-7.06001,62.26595]],[[-7.06013,62.26402],[-7.06006,62.26493]],[[-7.04933,62.25249],[-7.05006,62.25319],[-7.05556,62.25805],[-7.05772,62.26014],[-7.05962,62.26232],[-7.05978,62.26256],[-7.06003,62.26311],[-7.06011,62.26341],[-7.06013,62.26402]],[[-7.04905,62.25217],[-7.04933,62.25249]],[[-7.04884,62.25176],[-7.04905,62.25217]],[[-7.0484,62.24913],[-7.04862,62.25115],[-7.04884,62.25176]],[[-7.03762,62.23798],[-7.03927,62.23885],[-7.04655,62.24365],[-7.04706,62.24407],[-7.04747,62.24451],[-7.04794,62.24534],[-7.04807,62.24591],[-7.0484,62.24913]],[[-7.03485,62.23662],[-7.03762,62.23798]],[[-7.03059,62.23341],[-7.03163,62.23384],[-7.03208,62.2341],[-7.03391,62.23594],[-7.03446,62.23626],[-7.03504,62.23642],[-7.03504,62.2365],[-7.03485,62.23662]],[[-7.02947,62.2329],[-7.03059,62.23341]],[[-7.02939,62.23286],[-7.02947,62.2329]],[[-7.02817,62.23197],[-7.02849,62.23217],[-7.02911,62.23269],[-7.02939,62.23286]],[[-7.02739,62.23153],[-7.02817,62.23197]],[[-7.02708,62.23135],[-7.02739,62.23153]],[[-7.02703,62.23132],[-7.02708,62.23135]],[[-7.02637,62.23016],[-7.02676,62.23107],[-7.02686,62.23121],[-7.02703,62.23132]],[[-7.02629,62.22999],[-7.02637,62.23016]],[[-7.02581,62.22969],[-7.02629,62.22999]],[[-7.02556,62.22957],[-7.02581,62.22969]],[[-7.02475,62.22906],[-7.02501,62.22926],[-7.02556,62.22957]],[[-7.0247,62.22902],[-7.02475,62.22906]],[[-7.02464,62.22897],[-7.0247,62.22902]],[[-7.02296,62.22757],[-7.02464,62.22897]],[[-7.02179,62.2265],[-7.02296,62.22757]],[[-7.02146,62.22616],[-7.02179,62.2265]],[[-7.02138,62.22609],[-7.02146,62.22616]],[[-7.02045,62.22535],[-7.02138,62.22609]],[[-7.0163,62.22186],[-7.01749,62.22271],[-7.0187,62.22401],[-7.02045,62.22535]],[[-7.01603,62.22165],[-7.0163,62.22186]],[[-7.01595,62.2216],[-7.01603,62.22165]],[[-7.01566,62.22141],[-7.01595,62.2216]],[[-7.01558,62.22137],[-7.01566,62.22141]],[[-7.01519,62.22107],[-7.01558,62.22137]],[[-7.01516,62.22105],[-7.01519,62.22107]],[[-7.01506,62.22096],[-7.01516,62.22105]],[[-7.01479,62.22077],[-7.01506,62.22096]],[[-7.01453,62.2206],[-7.01479,62.22077]],[[-7.01329,62.21982],[-7.01453,62.2206]],[[-7.0127,62.21954],[-7.01329,62.21982]],[[-7.01258,62.21949],[-7.0127,62.21954]],[[-7.01213,62.21929],[-7.01258,62.21949]],[[-7.01204,62.21925],[-7.01213,62.21929]],[[-7.00976,62.21865],[-7.01108,62.21892],[-7.01204,62.21925]],[[-7.00734,62.21814],[-7.008,62.21833],[-7.00976,62.21865]],[[-7.0072,62.21807],[-7.00734,62.21814]],[[-7.00708,62.21801],[-7.0072,62.21807]],[[-7.00654,62.21772],[-7.00708,62.21801]],[[-7.00638,62.21763],[-7.00654,62.21772]],[[-7.00614,62.2175],[-7.00638,62.21763]],[[-7.006,62.21743],[-7.00614,62.2175]],[[-7.00565,62.21724],[-7.006,62.21743]],[[-7.00553,62.21717],[-7.00565,62.21724]],[[-7.00509,62.21691],[-7.00553,62.21717]],[[-7.00485,62.21653],[-7.00493,62.21675],[-7.00509,62.21691]],[[-7.00483,62.21608],[-7.00485,62.21653]],[[-7.00469,62.21567],[-7.00483,62.21608]],[[-7.00439,62.21506],[-7.00469,62.21567]],[[-7.00429,62.21491],[-7.00439,62.21506]],[[-7.00397,62.21438],[-7.00429,62.21491]],[[-7.00335,62.2135],[-7.00397,62.21438]],[[-7.00329,62.21339],[-7.00335,62.2135]],[[-7.00328,62.21336],[-7.00329,62.21339]],[[-7.00326,62.21333],[-7.00328,62.21336]],[[-7.00302,62.2128],[-7.00326,62.21333]],[[-7.00301,62.21277],[-7.00302,62.2128]],[[-7.00298,62.21269],[-7.00301,62.21277]],[[-7.00295,62.21263],[-7.00298,62.21269]],[[-7.00287,62.21245],[-7.00295,62.21263]],[[-7.00273,62.21224],[-7.00287,62.21245]],[[-7.00253,62.21208],[-7.00273,62.21224]],[[-7.00241,62.21198],[-7.00253,62.21208]],[[-7.00227,62.21184],[-7.00241,62.21198]],[[-7.00219,62.21174],[-7.00227,62.21184]],[[-7.00214,62.21165],[-7.00219,62.21174]],[[-7.00203,62.21139],[-7.00214,62.21165]],[[-7.00191,62.21109],[-7.00203,62.21139]],[[-7.00199,62.21054],[-7.00185,62.2108],[-7.00191,62.21109]],[[-7.00222,62.21024],[-7.00199,62.21054]],[[-7.00231,62.20994],[-7.0023,62.21009],[-7.00222,62.21024]],[[-7.00212,62.20945],[-7.00225,62.20967],[-7.00231,62.20994]],[[-7.00201,62.20929],[-7.00212,62.20945]],[[-7.00189,62.20914],[-7.00201,62.20929]],[[-7.00157,62.20883],[-7.00189,62.20914]],[[-7.00067,62.20907],[-7.00157,62.20883]],[[-7.00067,62.20907],[-7.00061,62.20902]],[[-7.00061,62.20902],[-7.00017,62.20867]],[[-6.99995,62.20831],[-7.00017,62.20867]],[[-6.9997,62.20784],[-6.99995,62.20831]],[[-6.99945,62.20738],[-6.9997,62.20784]],[[-6.99909,62.20674],[-6.99945,62.20738]],[[-6.99894,62.20647],[-6.99909,62.20674]],[[-6.9982,62.20517],[-6.99894,62.20647]],[[-6.9982,62.20517],[-6.99777,62.20522]],[[-6.99777,62.20522],[-6.99768,62.20509]],[[-6.99768,62.20509],[-6.99763,62.20485]],[[-6.99763,62.20485],[-6.99754,62.20443]],[[-6.99754,62.20443],[-6.99744,62.20416],[-6.99715,62.20401]]]},"properties":{"id":"northern-eysturoy","name":"Northern Eysturoy Loop","color":"#e8862b"}},{"type":"Feature","id":"sornfelli","geometry":{"type":"MultiLineString","coordinates":[[[-6.77184,62.01014],[-6.77153,62.01019]],[[-6.77184,62.01014],[-6.77283,62.00974]],[[-6.77346,62.01027],[-6.77283,62.00974]],[[-6.77379,62.01059],[-6.77346,62.01027]],[[-6.77393,62.01071],[-6.77379,62.01059]],[[-6.77458,62.01126],[-6.77393,62.01071]],[[-6.77458,62.01126],[-6.77576,62.01095]],[[-6.77576,62.01095],[-6.77616,62.01084]],[[-6.77616,62.01084],[-6.7768,62.0105]],[[-6.7768,62.0105],[-6.77722,62.01026]],[[-6.77722,62.01026],[-6.77767,62.01008]],[[-6.77767,62.01008],[-6.77847,62.01037],[-6.7789,62.01064]],[[-6.7789,62.01064],[-6.77932,62.01099]],[[-6.77932,62.01099],[-6.7794,62.01105]],[[-6.7794,62.01105],[-6.77967,62.01121],[-6.78028,62.01142]],[[-6.78028,62.01142],[-6.78093,62.01168],[-6.78215,62.01228]],[[-6.78215,62.01228],[-6.78241,62.0124]],[[-6.78241,62.0124],[-6.78316,62.01267]],[[-6.78316,62.01267],[-6.78486,62.01314]],[[-6.78486,62.01314],[-6.78542,62.0133]],[[-6.78542,62.0133],[-6.78588,62.01341]],[[-6.78588,62.01341],[-6.78682,62.01363],[-6.78788,62.01398]],[[-6.78788,62.01398],[-6.78846,62.01417]],[[-6.78796,62.01518],[-6.78806,62.01477],[-6.78846,62.01417]],[[-6.7893,62.01906],[-6.78882,62.01848],[-6.78848,62.01798],[-6.78815,62.0173],[-6.78794,62.01643],[-6.78789,62.01537],[-6.78796,62.01518]],[[-6.79061,62.01875],[-6.7893,62.01906]],[[-6.79061,62.01875],[-6.79016,62.01821]],[[-6.79016,62.01821],[-6.78995,62.01792],[-6.7897,62.01742],[-6.7897,62.01663],[-6.78982,62.01625],[-6.79005,62.01584],[-6.79034,62.01552],[-6.79062,62.01531]],[[-6.79062,62.01531],[-6.79121,62.01499],[-6.79148,62.0149],[-6.79292,62.01461]],[[-6.79292,62.01461],[-6.79436,62.01437]],[[-6.79436,62.01437],[-6.79537,62.0142]],[[-6.79537,62.0142],[-6.79808,62.01375],[-6.79873,62.01371],[-6.79939,62.01373]],[[-6.79939,62.01373],[-6.80169,62.01408]],[[-6.80169,62.01408],[-6.80323,62.01425],[-6.80676,62.01439],[-6.80881,62.01439],[-6.80964,62.01434]],[[-6.80964,62.01434],[-6.81383,62.01387]],[[-6.81383,62.01387],[-6.8149,62.0138],[-6.81627,62.0138],[-6.81761,62.01389],[-6.81845,62.01401]],[[-6.81845,62.01401],[-6.81956,62.01421],[-6.82081,62.01454],[-6.826,62.01639]],[[-6.826,62.01639],[-6.83094,62.01813],[-6.83199,62.01865]],[[-6.83199,62.01865],[-6.83225,62.01881],[-6.83275,62.01929]],[[-6.83275,62.01929],[-6.83287,62.01946]],[[-6.83287,62.01946],[-6.83363,62.02051],[-6.83375,62.02085]],[[-6.83375,62.02085],[-6.83437,62.02159]],[[-6.83437,62.02159],[-6.83441,62.02163]],[[-6.83441,62.02163],[-6.83448,62.02173]],[[-6.83448,62.02173],[-6.83502,62.02236],[-6.83554,62.02283],[-6.8361,62.0232],[-6.83689,62.02362]],[[-6.83689,62.02362],[-6.83752,62.02388]],[[-6.83752,62.02388],[-6.83765,62.02393]],[[-6.83765,62.02393],[-6.83904,62.02437]],[[-6.83904,62.02437],[-6.8392,62.0244]],[[-6.8392,62.0244],[-6.84002,62.02458]],[[-6.84002,62.02458],[-6.84018,62.02461]],[[-6.84018,62.02461],[-6.84497,62.02533],[-6.84669,62.02573]],[[-6.84669,62.02573],[-6.84785,62.02609],[-6.84866,62.02642],[-6.84926,62.0267],[-6.85051,62.02746],[-6.85121,62.02799],[-6.85151,62.0283],[-6.85257,62.02963],[-6.85305,62.03015],[-6.85367,62.03066]],[[-6.85367,62.03066],[-6.85435,62.03108]],[[-6.85435,62.03108],[-6.85513,62.0315],[-6.85705,62.03216]],[[-6.85705,62.03216],[-6.85808,62.03243]],[[-6.85808,62.03243],[-6.86054,62.03308]],[[-6.86054,62.03308],[-6.86201,62.03347]],[[-6.86201,62.03347],[-6.86718,62.03483],[-6.86855,62.03507],[-6.87057,62.03529]],[[-6.87057,62.03529],[-6.87188,62.03542],[-6.87324,62.03571],[-6.87438,62.03615],[-6.87513,62.03655]],[[-6.87513,62.03655],[-6.88196,62.04065]],[[-6.88196,62.04065],[-6.88386,62.04181],[-6.88606,62.04336]],[[-6.88606,62.04336],[-6.88727,62.04421],[-6.88803,62.04468]],[[-6.88803,62.04468],[-6.88991,62.04572],[-6.89669,62.0493]],[[-6.89669,62.0493],[-6.89785,62.04991],[-6.90176,62.05156],[-6.90277,62.05209],[-6.90367,62.05269],[-6.90658,62.0548],[-6.90708,62.05508],[-6.90793,62.05541],[-6.90895,62.05564],[-6.91044,62.0558],[-6.91149,62.05584]],[[-6.91149,62.05584],[-6.91239,62.05585],[-6.91645,62.05563]],[[-6.91645,62.05563],[-6.91738,62.05566]],[[-6.91738,62.05566],[-6.91855,62.05577],[-6.92,62.05603]],[[-6.92,62.05603],[-6.92079,62.05618],[-6.9216,62.05644]],[[-6.9216,62.05644],[-6.9222,62.05675],[-6.92258,62.05704],[-6.92329,62.05804]],[[-6.92329,62.05804],[-6.92382,62.05885],[-6.92445,62.05949],[-6.92864,62.06267]],[[-6.92864,62.06267],[-6.93089,62.0643],[-6.93233,62.06511],[-6.93335,62.06554],[-6.93458,62.06596],[-6.9361,62.06639],[-6.93828,62.06684],[-6.94051,62.06718]],[[-6.94051,62.06718],[-6.94384,62.06764],[-6.9445,62.06781],[-6.94493,62.06802]],[[-6.94493,62.06802],[-6.94528,62.06837],[-6.9453,62.06865],[-6.94514,62.06894],[-6.94473,62.06927]],[[-6.94473,62.06927],[-6.94317,62.07039]],[[-6.94317,62.07039],[-6.9416,62.07154],[-6.94076,62.07244],[-6.94016,62.07341],[-6.93952,62.07489],[-6.93924,62.07525],[-6.93886,62.0755],[-6.93705,62.07633],[-6.93634,62.07682],[-6.93494,62.07791],[-6.93475,62.0781],[-6.9344,62.07871],[-6.93432,62.07902],[-6.93431,62.07937],[-6.93453,62.08005],[-6.93484,62.08067],[-6.93572,62.08189],[-6.93675,62.08315],[-6.93729,62.0837],[-6.93787,62.08413]],[[-6.93787,62.08413],[-6.93798,62.08405],[-6.93798,62.08399],[-6.93751,62.08336],[-6.93748,62.08317],[-6.93765,62.08142],[-6.93756,62.08104],[-6.93766,62.08093],[-6.93781,62.08092]],[[-6.93781,62.08092],[-6.93797,62.08103],[-6.93807,62.08128],[-6.93822,62.08148],[-6.93893,62.0821],[-6.93939,62.08243],[-6.93988,62.08309],[-6.94035,62.08334],[-6.94089,62.08348],[-6.94125,62.08344],[-6.9422,62.08317],[-6.94317,62.08302],[-6.94319,62.08293],[-6.94315,62.08288],[-6.94272,62.08264],[-6.94272,62.08251],[-6.94286,62.08237],[-6.94333,62.08211],[-6.94378,62.08199],[-6.9446,62.08197],[-6.94607,62.08203],[-6.94726,62.08201],[-6.948,62.08195],[-6.94872,62.08179],[-6.94915,62.08177],[-6.94969,62.08185],[-6.95053,62.08208],[-6.95131,62.08222],[-6.95296,62.08237],[-6.95329,62.08234],[-6.9534,62.08224],[-6.95337,62.08213],[-6.95327,62.08207],[-6.95261,62.08187]],[[-6.95261,62.08187],[-6.95139,62.08151],[-6.95086,62.08127],[-6.95027,62.08083],[-6.94931,62.07997],[-6.94926,62.0799],[-6.94929,62.07976],[-6.94955,62.07964],[-6.94986,62.07964],[-6.9511,62.07993],[-6.95326,62.0801],[-6.95477,62.08033],[-6.95512,62.08032],[-6.95565,62.08023],[-6.95641,62.07984],[-6.95706,62.07959],[-6.95732,62.07942],[-6.95746,62.07922],[-6.95745,62.07911],[-6.95732,62.07894],[-6.95676,62.07855],[-6.95666,62.07836],[-6.95671,62.07818],[-6.95827,62.0766],[-6.9586,62.07641],[-6.95933,62.07619]],[[-6.95933,62.07619],[-6.96022,62.0759]],[[-6.96022,62.0759],[-6.96219,62.07459],[-6.96262,62.07419],[-6.96302,62.07366]],[[-6.96302,62.07366],[-6.96309,62.07358]],[[-6.96309,62.07358],[-6.96322,62.07339]],[[-6.96322,62.07339],[-6.96362,62.0726],[-6.96396,62.07206],[-6.96406,62.07171],[-6.96455,62.07105],[-6.96523,62.06993],[-6.96538,62.06953],[-6.96531,62.06905]],[[-6.96532,62.06897],[-6.96531,62.06905]]]},"properties":{"id":"sornfelli","name":"Mount Sornfelli","color":"#c2453a"}}]}